Country,ISO,Year,IWI,Expenditure
Afghanistan,AFG,2008,38.1,4.38367223739624
Afghanistan,AFG,2009,40.0,4.81063985824585
Afghanistan,AFG,2010,41.8,3.4794499874115
Afghanistan,AFG,2011,43.6,3.4620099067688
Afghanistan,AFG,2012,45.5,2.60419988632202
Afghanistan,AFG,2013,47.3,3.45445990562439
Afghanistan,AFG,2014,49.1,3.69521999359131
Afghanistan,AFG,2015,51.0,3.2558000087738
Afghanistan,AFG,2016,52.8,4.54397010803223
Afghanistan,AFG,2017,54.7,4.34319019317627
Albania,ALB,2002,80.0,3.11779999732971
Albania,ALB,2003,80.7,3.13823008537292
Albania,ALB,2004,81.5,3.22751998901367
Albania,ALB,2005,82.2,3.28154993057251
Albania,ALB,2006,82.9,3.1914598941803
Albania,ALB,2007,83.6,3.27592992782593
Albania,ALB,2008,84.4,3.50922608375549
Albania,ALB,2010,85.2,3.41307497024536
Albania,ALB,2011,85.4,3.24000835418701
Albania,ALB,2012,85.5,3.30906105041504
Albania,ALB,2013,85.6,3.53929996490479
Albania,ALB,2014,85.7,3.21696710586548
Albania,ALB,2015,85.9,3.43796992301941
Albania,ALB,2016,86.0,3.96209001541138
Albania,ALB,2017,86.1,3.61172008514404
Albania,ALB,2018,86.2,3.15294480323792
Albania,ALB,2019,86.4,3.91623997688293
Albania,ALB,2020,86.5,3.3422999382019
Algeria,DZA,2008,79.9,4.11142015457153
Algeria,DZA,2012,85.7,7.0295090675354
Algeria,DZA,2013,87.2,6.65906047821045
Algeria,DZA,2014,87.0,6.54889822006226
Algeria,DZA,2015,86.8,6.17633008956909
Algeria,DZA,2016,86.6,6.50210857391357
Algeria,DZA,2017,86.4,5.73482370376587
Algeria,DZA,2018,86.2,5.81275129318237
Algeria,DZA,2019,86.0,5.57536554336548
Algeria,DZA,2020,85.8,6.1939172744751
Algeria,DZA,2021,85.6,5.51403284072876
Algeria,DZA,2022,85.4,4.74924659729004
Angola,AGO,2000,22.5,2.60753011703491
Angola,AGO,2005,27.5,2.12011003494263
Angola,AGO,2006,28.5,2.28146004676819
Angola,AGO,2009,31.5,2.92000007629395
Angola,AGO,2010,32.5,3.42131996154785
Angola,AGO,2011,33.5,3.24000000953674
Angola,AGO,2012,35.0,3.08191084861755
Angola,AGO,2013,36.5,3.86999988555908
Angola,AGO,2014,38.0,2.9300000667572
Angola,AGO,2015,39.4,3.09999990463257
Angola,AGO,2016,40.9,2.75493669509888
Angola,AGO,2017,42.4,2.46687889099121
Angola,AGO,2018,43.8,2.18351292610168
Angola,AGO,2019,45.3,2.07306432723999
Armenia,ARM,1999,70.3,2.23518991470337
Armenia,ARM,2000,71.4,2.77273011207581
Armenia,ARM,2001,72.4,2.46943998336792
Armenia,ARM,2002,73.5,2.13504004478455
Armenia,ARM,2003,74.5,2.1450400352478
Armenia,ARM,2004,75.6,2.48673009872437
Armenia,ARM,2005,76.6,2.71202993392944
Armenia,ARM,2006,77.7,2.71577000617981
Armenia,ARM,2007,78.7,3.01893997192383
Armenia,ARM,2008,79.8,3.17272996902466
Armenia,ARM,2009,80.9,3.84079003334045
Armenia,ARM,2010,81.9,3.24900007247925
Armenia,ARM,2011,82.6,3.14385008811951
Armenia,ARM,2012,83.3,2.77248001098633
Armenia,ARM,2013,84.1,2.65018010139465
Armenia,ARM,2014,84.8,2.24724006652832
Armenia,ARM,2015,85.5,2.80591011047363
Armenia,ARM,2016,86.2,2.75812005996704
Armenia,ARM,2017,86.9,2.70759010314941
Armenia,ARM,2018,87.7,2.25586795806885
Armenia,ARM,2019,88.4,2.57191228866577
Azerbaijan,AZE,2003,63.0,3.2861499786377
Azerbaijan,AZE,2004,64.0,3.44770002365112
Azerbaijan,AZE,2005,65.0,2.97462010383606
Azerbaijan,AZE,2006,66.0,2.55552005767822
Azerbaijan,AZE,2007,67.1,2.5492799282074
Azerbaijan,AZE,2008,68.1,2.44092988967896
Azerbaijan,AZE,2009,69.1,3.22430992126465
Azerbaijan,AZE,2010,70.1,2.78062009811401
Azerbaijan,AZE,2011,71.1,2.43564009666443
Azerbaijan,AZE,2012,72.1,2.06763005256653
Azerbaijan,AZE,2013,73.1,2.44213008880615
Azerbaijan,AZE,2014,74.2,2.63303995132446
Azerbaijan,AZE,2015,75.2,2.95167994499207
Azerbaijan,AZE,2016,76.2,2.90340995788574
Azerbaijan,AZE,2017,77.2,2.47381997108459
Azerbaijan,AZE,2018,78.2,2.45543003082275
Azerbaijan,AZE,2019,79.2,3.1764600276947
Azerbaijan,AZE,2020,80.2,4.33204984664917
Azerbaijan,AZE,2021,81.3,3.7020800113678
Azerbaijan,AZE,2022,82.3,3.04690003395081
Azerbaijan,AZE,2023,83.3,3.58290028572083
Bangladesh,BGD,2001,19.3,2.17193007469177
Bangladesh,BGD,2002,21.2,2.01714992523193
Bangladesh,BGD,2003,23.0,2.06939005851746
Bangladesh,BGD,2004,24.9,1.94014000892639
Bangladesh,BGD,2006,28.6,2.13128995895386
Bangladesh,BGD,2007,30.4,2.20221996307373
Bangladesh,BGD,2008,32.3,2.0545699596405
Bangladesh,BGD,2009,34.1,1.9394199848175
Bangladesh,BGD,2011,37.8,2.13269996643066
Bangladesh,BGD,2012,38.5,2.04667067527771
Bangladesh,BGD,2013,39.1,1.96616005897522
Bangladesh,BGD,2014,39.8,2.09871673583984
Bangladesh,BGD,2015,41.7,1.87225413322449
Bangladesh,BGD,2016,43.6,2.22119998931885
Bangladesh,BGD,2017,45.5,1.85040032863617
Bangladesh,BGD,2018,47.3,1.65589129924774
Bangladesh,BGD,2019,49.2,1.68138802051544
Bangladesh,BGD,2020,50.5,1.76528060436249
Bangladesh,BGD,2021,51.7,1.83117997646332
Bangladesh,BGD,2022,52.9,1.71183669567108
Bangladesh,BGD,2023,54.2,1.7752274274826
Barbados,BRB,2008,91.4,4.92074012756348
Barbados,BRB,2009,91.4,5.11040019989014
Barbados,BRB,2010,91.4,6.05261993408203
Barbados,BRB,2012,91.4,5.25726985931396
Barbados,BRB,2013,91.4,5.13486003875732
Barbados,BRB,2014,91.4,6.12197017669678
Barbados,BRB,2015,91.4,5.17699909210205
Barbados,BRB,2016,91.4,4.68382978439331
Belarus,BLR,2003,78.6,6.31018209457397
Belarus,BLR,2004,79.1,5.7122597694397
Belarus,BLR,2005,79.5,5.8710298538208
Belarus,BLR,2006,80.0,6.07696008682251
Belarus,BLR,2007,80.4,5.15210008621216
Belarus,BLR,2008,80.9,5.71321535110474
Belarus,BLR,2009,81.3,4.3689398765564
Belarus,BLR,2010,81.8,5.22003984451294
Belarus,BLR,2011,82.2,4.68479013442993
Belarus,BLR,2012,82.7,4.95964002609253
Belarus,BLR,2013,83.3,5.0094199180603
Belarus,BLR,2014,83.8,4.81832981109619
Belarus,BLR,2015,84.4,4.78750991821289
Belarus,BLR,2016,85.0,4.94654989242554
Belarus,BLR,2017,85.6,4.79500007629395
Belarus,BLR,2018,86.1,5.38110017776489
Belarus,BLR,2019,86.7,4.97948980331421
Belarus,BLR,2020,87.3,4.86263990402222
Belarus,BLR,2021,87.9,4.60641002655029
Belarus,BLR,2022,88.4,4.62823009490967
Belize,BLZ,2003,71.6,3.91564989089966
Belize,BLZ,2004,72.2,4.02664995193481
Belize,BLZ,2008,74.3,4.3199200630188
Belize,BLZ,2009,74.8,4.82053995132446
Belize,BLZ,2010,75.4,5.26443004608154
Belize,BLZ,2011,75.9,5.51967906951904
Belize,BLZ,2012,76.4,5.47151041030884
Belize,BLZ,2013,77.0,5.15144014358521
Belize,BLZ,2014,77.5,5.16743993759155
Benin,BEN,1999,24.5,1.92193996906281
Benin,BEN,2000,24.3,2.11366009712219
Benin,BEN,2001,24.1,2.36509990692139
Benin,BEN,2002,25.2,2.15949010848999
Benin,BEN,2003,26.3,2.28315997123718
Benin,BEN,2004,27.5,2.56690001487732
Benin,BEN,2005,28.6,2.6566801071167
Benin,BEN,2006,29.7,2.56340003013611
Benin,BEN,2007,31.1,2.36331009864807
Benin,BEN,2008,32.5,2.77728009223938
Benin,BEN,2009,33.9,3.08927011489868
Benin,BEN,2010,35.3,3.67997002601624
Benin,BEN,2011,36.7,4.40000009536743
Benin,BEN,2012,36.7,3.56202006340027
Benin,BEN,2013,36.6,3.3275101184845
Benin,BEN,2014,36.6,3.161789894104
Benin,BEN,2015,36.5,3.17298007011414
Benin,BEN,2016,36.5,2.89910006523132
Benin,BEN,2017,36.4,3.53558993339539
Benin,BEN,2018,36.4,2.93161988258362
Benin,BEN,2019,37.4,2.96520113945007
Benin,BEN,2020,38.3,3.09441518783569
Benin,BEN,2021,39.3,3.20348429679871
Benin,BEN,2022,40.3,3.37785911560059
Bhutan,BTN,2008,57.2,4.56950998306274
Bhutan,BTN,2009,57.2,4.41887998580933
Bhutan,BTN,2010,57.2,3.82318997383118
Bhutan,BTN,2011,57.2,4.40793991088867
Bhutan,BTN,2013,57.2,5.25527000427246
Bhutan,BTN,2014,57.2,5.54899978637695
Bolivia,BOL,2002,47.7,7.1950478553772
Bolivia,BOL,2003,46.6,6.62961912155151
Bolivia,BOL,2004,48.6,6.84771823883057
Bolivia,BOL,2005,50.6,6.71352529525757
Bolivia,BOL,2006,52.7,6.43421983718872
Bolivia,BOL,2007,54.7,6.72048997879028
Bolivia,BOL,2008,56.7,6.72302007675171
Bolivia,BOL,2009,58.7,7.57486009597778
Bolivia,BOL,2010,60.8,6.97379016876221
Bolivia,BOL,2011,62.8,6.45056009292603
Bosnia and Herzegovina,BIH,2014,94.4,3.31473970413208
Botswana,BWA,2005,48.3,10.6785898208618
Botswana,BWA,2007,51.1,9.04666996002197
Botswana,BWA,2009,53.8,9.8253002166748
Botswana,BWA,2011,56.6,10.8265533447266
Botswana,BWA,2012,57.8,8.10987281799316
Botswana,BWA,2013,59.1,8.0172061920166
Botswana,BWA,2014,60.3,7.88874197006226
Botswana,BWA,2015,61.5,8.39457988739014
Botswana,BWA,2016,62.8,8.73589324951172
Brazil,BRA,1999,70.8,3.80062007904053
Brazil,BRA,2000,70.9,3.94893002510071
Brazil,BRA,2001,72.5,3.84468007087708
Brazil,BRA,2002,74.0,3.75037002563477
Brazil,BRA,2004,77.1,3.97447991371155
Brazil,BRA,2005,78.6,4.47908020019531
Brazil,BRA,2006,80.1,4.87060022354126
Brazil,BRA,2007,81.7,4.97425985336304
Brazil,BRA,2008,83.2,5.26883983612061
Brazil,BRA,2009,84.7,5.46355009078979
Brazil,BRA,2010,86.3,5.64879989624023
Brazil,BRA,2011,87.8,5.73741006851196
Brazil,BRA,2012,89.3,5.85510015487671
Brazil,BRA,2013,90.8,5.8388500213623
Burkina Faso,BFA,2005,21.8,3.94113993644714
Burkina Faso,BFA,2006,23.3,3.98218989372253
Burkina Faso,BFA,2007,24.8,4.07983016967773
Burkina Faso,BFA,2010,29.2,3.50222992897034
Burkina Faso,BFA,2011,30.6,3.98515009880066
Burkina Faso,BFA,2012,32.0,3.60315990447998
Burkina Faso,BFA,2013,33.5,4.08343982696533
Burkina Faso,BFA,2014,34.9,4.05329990386963
Burkina Faso,BFA,2015,36.3,3.67008996009827
Burkina Faso,BFA,2017,39.2,5.62846994400024
Burkina Faso,BFA,2018,40.6,5.488609790802
Burkina Faso,BFA,2019,42.0,5.40713691711426
Burkina Faso,BFA,2020,43.4,5.15086507797241
Burkina Faso,BFA,2021,44.9,5.22401523590088
Burkina Faso,BFA,2022,46.3,5.27651214599609
Burundi,BDI,2002,6.68,3.00493001937866
Burundi,BDI,2004,9.41,3.74496006965637
Burundi,BDI,2005,10.8,3.632159948349
Burundi,BDI,2008,14.9,5.19290018081665
Burundi,BDI,2009,16.2,6.17194986343384
Burundi,BDI,2010,17.6,6.67801666259766
Burundi,BDI,2011,18.2,6.24009609222412
Burundi,BDI,2012,18.8,6.03472852706909
Burundi,BDI,2013,19.3,5.99539995193481
Burundi,BDI,2014,19.9,7.51637983322144
Burundi,BDI,2015,20.5,7.10290956497192
Burundi,BDI,2016,21.1,4.96585083007812
Burundi,BDI,2017,21.7,5.00918865203857
Burundi,BDI,2018,22.2,5.4135274887085
Burundi,BDI,2019,22.8,5.34668445587158
Burundi,BDI,2020,23.4,5.32158517837524
Cabo Verde,CPV,2009,76.4,4.86586999893188
Cabo Verde,CPV,2010,76.4,5.07658004760742
Cabo Verde,CPV,2011,76.4,4.59784984588623
Cabo Verde,CPV,2012,76.4,5.39769554138184
Cabo Verde,CPV,2013,76.4,4.5615701675415
Cabo Verde,CPV,2014,76.4,4.52134990692139
Cabo Verde,CPV,2015,76.4,4.80622005462646
Cabo Verde,CPV,2016,76.4,4.75475978851318
Cabo Verde,CPV,2017,76.4,4.59278011322021
Cambodia,KHM,2000,24.7,1.66681003570557
Cambodia,KHM,2001,26.4,1.72221994400024
Cambodia,KHM,2002,28.2,1.71121001243591
Cambodia,KHM,2004,31.6,1.71982002258301
Cambodia,KHM,2007,36.8,1.59930002689362
Cambodia,KHM,2009,40.3,1.66568005084991
Cambodia,KHM,2010,42.0,1.53378999233246
Cambodia,KHM,2011,44.6,1.51068997383118
Cambodia,KHM,2012,47.2,1.41441452503204
Cambodia,KHM,2013,49.7,1.48202621936798
Cambodia,KHM,2014,52.3,1.56673634052277
Cambodia,KHM,2015,54.2,1.7034615278244
Cambodia,KHM,2016,56.1,1.87081909179688
Cambodia,KHM,2017,58.0,2.09646058082581
Cambodia,KHM,2018,59.9,2.44785928726196
Cambodia,KHM,2019,61.7,2.82565474510193
Cambodia,KHM,2020,63.6,3.0023500919342
Cambodia,KHM,2021,65.5,3.01162648200989
Cambodia,KHM,2022,67.4,2.88349270820618
Cambodia,KHM,2023,69.3,2.95115232467651
Cameroon,CMR,2000,24.2,1.70284998416901
Cameroon,CMR,2001,24.8,2.29733991622925
Cameroon,CMR,2003,25.9,2.82259011268616
Cameroon,CMR,2004,26.4,2.79530000686646
Cameroon,CMR,2005,28.3,2.65651988983154
Cameroon,CMR,2006,30.1,2.53991007804871
Cameroon,CMR,2007,31.9,2.87815999984741
Cameroon,CMR,2008,33.7,2.49827003479004
Cameroon,CMR,2009,35.5,2.90790009498596
Cameroon,CMR,2010,37.3,2.84803009033203
Cameroon,CMR,2011,39.1,2.65336990356445
Cameroon,CMR,2012,40.0,2.60306000709534
Cameroon,CMR,2013,40.9,2.6554799079895
Cameroon,CMR,2014,41.7,2.58396005630493
Cameroon,CMR,2015,42.6,2.65791988372803
Cameroon,CMR,2016,43.5,2.56234002113342
Cameroon,CMR,2017,44.3,3.05962991714478
Cameroon,CMR,2018,45.2,3.03096008300781
Cameroon,CMR,2019,46.1,3.04739952087402
Cameroon,CMR,2020,46.9,3.10390138626099
Cameroon,CMR,2021,47.8,2.82764077186584
Central African Republic,CAF,1999,14.0,1.69001996517181
Central African Republic,CAF,2000,14.4,1.61265003681183
Central African Republic,CAF,2002,15.2,1.5195699930191
Central African Republic,CAF,2003,15.6,1.53980004787445
Central African Republic,CAF,2004,16.0,1.6245299577713
Central African Republic,CAF,2005,16.4,1.65222001075745
Central African Republic,CAF,2006,16.8,1.41506004333496
Central African Republic,CAF,2007,17.0,1.31332004070282
Central African Republic,CAF,2008,17.2,1.29000997543335
Central African Republic,CAF,2009,17.4,1.25458002090454
Central African Republic,CAF,2010,17.6,1.11760997772217
Central African Republic,CAF,2011,17.5,1.10792005062103
Central African Republic,CAF,2012,17.4,1.98034727573395
Central African Republic,CAF,2013,17.3,2.6382143497467
Central African Republic,CAF,2014,17.2,2.22015333175659
Central African Republic,CAF,2015,17.1,1.91022861003876
Central African Republic,CAF,2016,17.0,1.75408899784088
Central African Republic,CAF,2017,16.9,1.75365018844604
Central African Republic,CAF,2018,16.8,1.56587600708008
Central African Republic,CAF,2019,16.8,1.76792073249817
Central African Republic,CAF,2020,16.7,2.14468050003052
Central African Republic,CAF,2021,16.6,1.87251687049866
Central African Republic,CAF,2022,16.5,2.11509132385254
Chad,TCD,1999,8.17,3.22785997390747
Chad,TCD,2000,8.59,2.64670991897583
Chad,TCD,2001,9.01,2.42614006996155
Chad,TCD,2004,10.3,1.59294998645782
Chad,TCD,2005,11.0,1.69476997852325
Chad,TCD,2009,13.7,2.31173992156982
Chad,TCD,2010,14.4,1.98194003105164
Chad,TCD,2011,15.3,2.25789999961853
Chad,TCD,2012,16.2,2.20615005493164
Chad,TCD,2013,17.1,2.85070991516113
Chad,TCD,2014,17.9,2.32031226158142
Chad,TCD,2015,18.8,2.3428316116333
Chad,TCD,2016,19.5,2.38847589492798
Chad,TCD,2017,20.2,2.45481991767883
Chad,TCD,2018,20.9,2.25947499275208
Chad,TCD,2019,21.7,2.37245798110962
Chad,TCD,2020,22.4,2.73960399627686
Chad,TCD,2021,23.1,2.8881299495697
Chad,TCD,2022,23.8,2.53867292404175
Chile,CHL,1999,84.4,3.7083899974823
Chile,CHL,2000,84.7,3.75707006454468
Chile,CHL,2002,85.2,4.04881000518799
Chile,CHL,2003,85.5,3.91868996620178
Chile,CHL,2004,85.7,3.54307007789612
Chile,CHL,2005,86.0,3.28016996383667
Chile,CHL,2006,86.3,3.04014992713928
Chile,CHL,2007,86.5,3.2331600189209
Chile,CHL,2008,86.8,3.79189991950989
Chile,CHL,2009,87.1,4.25475978851318
Chile,CHL,2010,87.3,4.18953990936279
China,CHN,1999,62.3,1.88803994655609
China,CHN,2005,61.9,2.39190554618835
China,CHN,2006,61.8,2.44128441810608
China,CHN,2007,61.7,2.70073485374451
China,CHN,2008,61.7,3.63178825378418
China,CHN,2009,61.6,3.75152206420898
China,CHN,2010,61.5,3.55966520309448
China,CHN,2011,61.4,3.80921697616577
China,CHN,2012,66.4,4.29788875579834
China,CHN,2013,71.3,4.1298041343689
China,CHN,2014,73.1,4.10536003112793
China,CHN,2015,75.0,4.24201250076294
China,CHN,2016,76.8,4.20638513565063
China,CHN,2017,78.6,4.11133146286011
China,CHN,2018,80.5,4.02442407608032
Colombia,COL,1999,66.0,4.44080018997192
Colombia,COL,2000,67.4,3.5112099647522
Colombia,COL,2001,67.5,3.70867991447449
Comoros,COM,2002,34.0,2.25841999053955
Comoros,COM,2008,41.5,4.42264986038208
Comoros,COM,2011,45.3,2.8304500579834
Comoros,COM,2012,46.5,2.74783992767334
Comoros,COM,2013,47.8,2.3827600479126
Comoros,COM,2014,49.2,2.74472999572754
Comoros,COM,2015,50.5,2.5450599193573
Comoros,COM,2020,57.3,2.37805080413818
Comoros,COM,2021,58.6,2.27485394477844
Comoros,COM,2022,59.9,2.43164420127869
"Congo, Dem. Rep.",COD,2010,16.3,1.5249799489975
"Congo, Dem. Rep.",COD,2013,20.8,2.06221008300781
"Congo, Dem. Rep.",COD,2014,21.7,1.95142996311188
"Congo, Dem. Rep.",COD,2015,22.6,2.17043995857239
"Congo, Dem. Rep.",COD,2016,23.5,2.1186900138855
"Congo, Dem. Rep.",COD,2017,24.4,1.45494997501373
"Congo, Dem. Rep.",COD,2020,27.1,2.622638463974
"Congo, Dem. Rep.",COD,2021,28.0,2.660484790802
"Congo, Rep.",COG,2002,29.5,3.20831990242004
"Congo, Rep.",COG,2003,30.4,2.8361599445343
"Congo, Rep.",COG,2004,31.4,2.28813004493713
"Congo, Rep.",COG,2005,32.3,1.6810200214386
"Congo, Rep.",COG,2010,37.0,5.6867299079895
"Congo, Rep.",COG,2011,38.0,2.64652967453003
"Congo, Rep.",COG,2012,40.2,2.73923063278198
"Congo, Rep.",COG,2014,44.7,3.18256998062134
"Congo, Rep.",COG,2015,47.0,3.13882994651794
"Congo, Rep.",COG,2017,51.5,4.17236995697021
"Congo, Rep.",COG,2018,53.8,2.77167010307312
Costa Rica,CRI,2008,87.8,4.88697004318237
Costa Rica,CRI,2009,88.1,6.01030015945435
Costa Rica,CRI,2010,88.3,6.56574010848999
Costa Rica,CRI,2011,88.6,6.37988996505737
Costa Rica,CRI,2012,88.9,6.58239984512329
Costa Rica,CRI,2013,89.1,6.68739986419678
Costa Rica,CRI,2014,89.4,6.67952013015747
Costa Rica,CRI,2015,89.7,6.87349987030029
Costa Rica,CRI,2016,89.9,6.89395999908447
Costa Rica,CRI,2017,90.2,7.06980991363525
Costa Rica,CRI,2018,90.4,6.76991987228394
Costa Rica,CRI,2019,90.7,6.73808002471924
Costa Rica,CRI,2020,91.0,6.62898015975952
Costa Rica,CRI,2021,91.2,6.24841976165771
Cote d'Ivoire,CIV,1999,32.7,2.68529009819031
Cote d'Ivoire,CIV,2000,33.5,2.40031003952026
Cote d'Ivoire,CIV,2001,34.4,2.44477009773254
Cote d'Ivoire,CIV,2002,35.3,2.81048011779785
Cote d'Ivoire,CIV,2003,36.2,2.86437010765076
Cote d'Ivoire,CIV,2004,37.1,2.91176009178162
Cote d'Ivoire,CIV,2005,37.9,2.91944003105164
Cote d'Ivoire,CIV,2006,38.8,2.8199999332428
Cote d'Ivoire,CIV,2007,39.7,3.01613998413086
Cote d'Ivoire,CIV,2008,40.6,3.09853005409241
Cote d'Ivoire,CIV,2009,41.5,3.1739399433136
Cote d'Ivoire,CIV,2010,42.3,3.24651002883911
Cote d'Ivoire,CIV,2011,43.2,2.86576008796692
Cote d'Ivoire,CIV,2012,44.1,3.4344699382782
Cote d'Ivoire,CIV,2013,45.0,3.45860004425049
Cote d'Ivoire,CIV,2014,45.9,3.31416988372803
Cote d'Ivoire,CIV,2015,46.7,3.49412989616394
Cote d'Ivoire,CIV,2016,47.6,3.93593001365662
Cote d'Ivoire,CIV,2017,48.5,3.73654007911682
Cote d'Ivoire,CIV,2018,49.4,3.21164989471436
Cote d'Ivoire,CIV,2019,50.3,3.4130699634552
Cote d'Ivoire,CIV,2020,51.1,3.78674006462097
Cote d'Ivoire,CIV,2021,52.0,3.32718992233276
Cote d'Ivoire,CIV,2022,52.9,3.51197004318237
Cote d'Ivoire,CIV,2023,53.8,3.42992997169495
Cuba,CUB,2015,76.9,8.96333694458008
Cuba,CUB,2016,76.9,9.01313304901123
Cuba,CUB,2019,76.9,9.04696941375732
Cuba,CUB,2021,76.9,9.38586235046387
Djibouti,DJI,2002,54.7,8.44760036468506
Djibouti,DJI,2003,54.7,8.88984966278076
Djibouti,DJI,2004,54.7,9.26467037200928
Djibouti,DJI,2005,54.7,8.36588954925537
Djibouti,DJI,2006,54.7,8.27877998352051
Djibouti,DJI,2007,54.7,8.40625
Djibouti,DJI,2010,54.7,4.49022006988525
Dominican Republic,DOM,2000,62.6,1.88829004764557
Dominican Republic,DOM,2001,64.3,1.96782994270325
Dominican Republic,DOM,2002,66.0,1.9140100479126
Dominican Republic,DOM,2003,66.9,1.84465003013611
Dominican Republic,DOM,2007,70.7,2.04678988456726
Dominican Republic,DOM,2010,73.7,1.88728785514832
Dominican Republic,DOM,2011,74.7,1.87925755977631
Dominican Republic,DOM,2013,76.8,3.62818145751953
Dominican Republic,DOM,2014,77.1,3.62243437767029
Dominican Republic,DOM,2015,77.5,3.6040027141571
Dominican Republic,DOM,2016,77.9,3.85049557685852
Dominican Republic,DOM,2017,78.2,3.9202675819397
Dominican Republic,DOM,2018,78.6,3.91821074485779
Dominican Republic,DOM,2019,79.0,4.04276895523071
Dominican Republic,DOM,2020,79.3,4.51769828796387
Dominican Republic,DOM,2021,79.7,3.74731349945068
Dominican Republic,DOM,2022,80.1,3.94027137756348
Ecuador,ECU,2009,73.1,4.51763010025024
Ecuador,ECU,2010,73.9,4.60028982162476
Ecuador,ECU,2011,74.8,4.74424982070923
Ecuador,ECU,2012,75.6,4.65310001373291
Ecuador,ECU,2013,76.5,4.92997980117798
Ecuador,ECU,2014,77.3,5.21020984649658
"Egypt, Arab Rep.",EGY,2002,75.7,4.7958836555481
"Egypt, Arab Rep.",EGY,2003,77.3,4.94563007354736
"Egypt, Arab Rep.",EGY,2004,79.0,4.67072010040283
"Egypt, Arab Rep.",EGY,2005,80.7,4.79442977905273
"Egypt, Arab Rep.",EGY,2006,81.4,4.00178003311157
"Egypt, Arab Rep.",EGY,2007,82.0,3.68460988998413
"Egypt, Arab Rep.",EGY,2008,82.7,3.76082992553711
"Egypt, Arab Rep.",EGY,2009,83.0,3.6391909122467
"Egypt, Arab Rep.",EGY,2010,83.4,3.54265189170837
"Egypt, Arab Rep.",EGY,2011,83.8,3.3442964553833
"Egypt, Arab Rep.",EGY,2012,84.1,3.36830472946167
"Egypt, Arab Rep.",EGY,2013,84.5,4.12252616882324
"Egypt, Arab Rep.",EGY,2014,84.8,4.25138568878174
"Egypt, Arab Rep.",EGY,2015,85.2,3.93084812164307
El Salvador,SLV,2005,62.2,3.17785000801086
El Salvador,SLV,2006,63.0,3.49298000335693
El Salvador,SLV,2007,63.8,3.60984992980957
El Salvador,SLV,2008,64.6,4.45810985565186
El Salvador,SLV,2009,65.4,4.65950012207031
El Salvador,SLV,2010,66.2,4.04807996749878
El Salvador,SLV,2011,67.0,3.89854001998901
El Salvador,SLV,2012,67.8,3.7124400138855
El Salvador,SLV,2013,68.5,3.80149006843567
El Salvador,SLV,2014,69.3,3.82416009902954
El Salvador,SLV,2015,70.0,3.90987992286682
El Salvador,SLV,2016,70.7,3.82523989677429
El Salvador,SLV,2017,71.5,3.7252299785614
Eritrea,ERI,1999,16.2,5.26281023025513
Eritrea,ERI,2001,18.2,4.04716014862061
Eritrea,ERI,2002,19.1,3.52390003204346
Eritrea,ERI,2004,21.1,3.14896988868713
Eswatini,SWZ,1999,39.1,5.09095001220703
Eswatini,SWZ,2000,39.5,5.50848007202148
Eswatini,SWZ,2001,39.9,4.83824014663696
Eswatini,SWZ,2002,40.3,4.44086980819702
Eswatini,SWZ,2003,40.7,5.81677007675171
Eswatini,SWZ,2004,41.1,5.40160989761353
Eswatini,SWZ,2005,41.5,6.48462009429932
Eswatini,SWZ,2006,41.9,6.55475997924805
Eswatini,SWZ,2008,45.8,6.61812019348145
Eswatini,SWZ,2009,47.7,6.47135019302368
Eswatini,SWZ,2010,49.7,6.11837005615234
Eswatini,SWZ,2011,51.1,6.86432981491089
Eswatini,SWZ,2012,52.6,5.5932822227478
Eswatini,SWZ,2013,54.0,5.08461046218872
Eswatini,SWZ,2014,55.5,7.07059001922607
Eswatini,SWZ,2015,56.3,5.35494709014893
Eswatini,SWZ,2016,57.0,5.43355321884155
Eswatini,SWZ,2017,57.8,6.17791414260864
Eswatini,SWZ,2018,58.6,5.73687362670898
Eswatini,SWZ,2019,59.3,5.69914817810059
Eswatini,SWZ,2020,60.1,5.36010456085205
Eswatini,SWZ,2021,60.9,5.28714895248413
Eswatini,SWZ,2022,61.6,5.69260597229004
Eswatini,SWZ,2023,62.4,6.31294202804565
Ethiopia,ETH,2000,5.91,3.88614988327026
Ethiopia,ETH,2001,7.03,3.7002899646759
Ethiopia,ETH,2002,8.15,3.63245010375977
Ethiopia,ETH,2006,12.2,5.49096012115479
Ethiopia,ETH,2007,12.9,5.45112991333008
Ethiopia,ETH,2008,13.5,5.40819978713989
Ethiopia,ETH,2009,14.2,4.42207002639771
Ethiopia,ETH,2010,14.9,4.49659013748169
Ethiopia,ETH,2011,15.5,5.48576021194458
Ethiopia,ETH,2012,16.5,5.56678009033203
Ethiopia,ETH,2013,17.5,4.82446432113647
Ethiopia,ETH,2014,18.4,4.79265069961548
Ethiopia,ETH,2015,19.4,5.15336132049561
Ethiopia,ETH,2016,20.4,5.06151390075684
Ethiopia,ETH,2017,21.5,5.49905061721802
Ethiopia,ETH,2018,22.6,5.22011184692383
Ethiopia,ETH,2019,23.7,4.48086929321289
Ethiopia,ETH,2020,24.8,4.09056520462036
Ethiopia,ETH,2021,25.9,4.06524896621704
Ethiopia,ETH,2022,27.0,3.73649501800537
Fiji,FJI,2004,68.5,6.20915985107422
Fiji,FJI,2005,69.3,5.16705989837646
Fiji,FJI,2006,70.1,5.6553201675415
Fiji,FJI,2007,70.9,5.89472007751465
Fiji,FJI,2008,71.6,4.25357007980347
Fiji,FJI,2009,72.4,4.49847984313965
Fiji,FJI,2011,73.9,4.17305994033813
Fiji,FJI,2012,74.7,4.46150588989258
Fiji,FJI,2013,75.5,4.35139417648315
Fiji,FJI,2014,76.3,3.76960921287537
Fiji,FJI,2015,77.0,4.80931758880615
Fiji,FJI,2016,77.8,4.83590269088745
Fiji,FJI,2017,78.6,4.65119171142578
Fiji,FJI,2018,79.3,4.79706048965454
Fiji,FJI,2019,80.1,5.15273189544678
Fiji,FJI,2020,80.9,5.80519533157349
Fiji,FJI,2021,81.7,4.85268640518188
Fiji,FJI,2022,82.4,3.93839550018311
Fiji,FJI,2023,83.2,4.24679803848267
Gabon,GAB,1999,42.9,3.08122992515564
Gabon,GAB,2000,44.5,3.82709002494812
Gabon,GAB,2010,60.9,3.07808995246887
Gabon,GAB,2011,62.5,2.987459897995
Gabon,GAB,2012,64.2,3.01340007781982
Gabon,GAB,2013,64.7,3.02971005439758
Gabon,GAB,2014,65.2,2.66667008399963
Gabon,GAB,2015,65.7,2.82435989379883
Gabon,GAB,2016,66.2,2.66773080825806
Gabon,GAB,2017,66.7,3.55570793151855
Gabon,GAB,2018,67.2,3.07154297828674
Gabon,GAB,2019,67.7,2.8743097782135
Gabon,GAB,2020,68.2,3.39874076843262
Gabon,GAB,2021,68.7,2.70079278945923
Gabon,GAB,2022,69.2,2.20773649215698
"Gambia, The",GMB,1999,36.5,1.56512999534607
"Gambia, The",GMB,2000,37.6,1.46587002277374
"Gambia, The",GMB,2001,38.7,1.15810000896454
"Gambia, The",GMB,2002,39.8,1.44291996955872
"Gambia, The",GMB,2003,40.9,1.36337995529175
"Gambia, The",GMB,2004,42.0,0.622470021247864
"Gambia, The",GMB,2005,43.1,0.691879987716675
"Gambia, The",GMB,2006,44.2,0.751630008220673
"Gambia, The",GMB,2007,45.1,0.816860020160675
"Gambia, The",GMB,2008,46.0,2.18129992485046
"Gambia, The",GMB,2009,47.0,1.90813994407654
"Gambia, The",GMB,2010,47.9,2.65551996231079
"Gambia, The",GMB,2011,48.8,2.50170254707336
"Gambia, The",GMB,2012,49.7,2.63756990432739
"Gambia, The",GMB,2013,50.7,1.81839001178741
"Gambia, The",GMB,2014,52.6,2.22280263900757
"Gambia, The",GMB,2015,54.6,2.19235181808472
"Gambia, The",GMB,2016,56.6,2.17479729652405
"Gambia, The",GMB,2017,58.6,2.45919442176819
"Gambia, The",GMB,2018,60.5,2.36544394493103
"Gambia, The",GMB,2019,62.0,2.80809712409973
"Gambia, The",GMB,2020,63.4,2.88734579086304
"Gambia, The",GMB,2021,64.8,3.04477691650391
"Gambia, The",GMB,2022,66.2,2.74282312393188
"Gambia, The",GMB,2023,67.6,2.69659471511841
Georgia,GEO,2002,64.3,2.23501992225647
Georgia,GEO,2003,65.5,2.06559991836548
Georgia,GEO,2004,66.7,2.91420006752014
Georgia,GEO,2005,67.9,2.48431992530823
Georgia,GEO,2006,69.0,3.00364995002747
Georgia,GEO,2007,70.2,2.69687008857727
Georgia,GEO,2008,71.4,2.9195499420166
Georgia,GEO,2009,72.6,3.22237992286682
Georgia,GEO,2010,73.8,2.80364799499512
Georgia,GEO,2011,75.0,2.5149199962616
Georgia,GEO,2012,76.2,1.86033999919891
Georgia,GEO,2013,77.3,3.47322177886963
Georgia,GEO,2014,78.5,2.99768662452698
Georgia,GEO,2015,79.7,3.16487407684326
Georgia,GEO,2016,80.9,3.52338004112244
Georgia,GEO,2017,82.1,3.52442002296448
Georgia,GEO,2018,83.3,3.46094989776611
Georgia,GEO,2019,84.5,3.82985997200012
Georgia,GEO,2020,85.7,3.8498592376709
Georgia,GEO,2021,86.8,3.59441995620728
Ghana,GHA,1999,28.1,4.11037015914917
Ghana,GHA,2001,29.8,5.35444021224976
Ghana,GHA,2004,33.2,7.53558015823364
Ghana,GHA,2005,35.0,7.42208003997803
Ghana,GHA,2006,36.7,5.14794015884399
Ghana,GHA,2007,39.7,5.51986980438232
Ghana,GHA,2008,42.7,5.75795984268188
Ghana,GHA,2009,43.9,5.31744003295898
Ghana,GHA,2010,45.1,5.54059982299805
Ghana,GHA,2011,46.4,8.14097023010254
Ghana,GHA,2012,48.1,7.91913986206055
Ghana,GHA,2013,49.8,4.57646989822388
Ghana,GHA,2014,51.6,3.68234825134277
Ghana,GHA,2015,51.5,3.68874549865723
Ghana,GHA,2016,51.3,3.45474433898926
Ghana,GHA,2017,51.2,3.18611741065979
Ghana,GHA,2018,51.0,3.01595592498779
Ghana,GHA,2019,51.4,3.15307116508484
Ghana,GHA,2020,51.9,3.40915989875793
Ghana,GHA,2021,52.3,3.41949439048767
Ghana,GHA,2022,52.8,2.90529441833496
Guatemala,GTM,2006,57.9,3.03285002708435
Guatemala,GTM,2007,60.4,3.08808994293213
Guatemala,GTM,2008,61.5,3.23686003684998
Guatemala,GTM,2010,63.6,2.8486499786377
Guatemala,GTM,2011,64.6,2.96865010261536
Guatemala,GTM,2012,65.7,3.00524997711182
Guatemala,GTM,2013,65.4,2.88808989524841
Guatemala,GTM,2014,65.1,2.98562002182007
Guatemala,GTM,2015,64.7,3.03032994270325
Guatemala,GTM,2016,64.4,2.94474005699158
Guatemala,GTM,2017,64.1,2.95009994506836
Guatemala,GTM,2018,63.7,3.13193988800049
Guinea,GIN,2002,11.3,1.77897000312805
Guinea,GIN,2003,13.8,1.62612998485565
Guinea,GIN,2004,16.2,1.51568996906281
Guinea,GIN,2005,18.6,1.26814997196198
Guinea,GIN,2008,25.9,1.58112001419067
Guinea,GIN,2009,28.3,2.20725011825562
Guinea,GIN,2010,30.7,2.55118989944458
Guinea,GIN,2011,33.2,2.28742003440857
Guinea,GIN,2012,35.6,1.83370995521545
Guinea,GIN,2013,36.4,2.63421010971069
Guinea,GIN,2014,37.2,2.42281007766724
Guinea,GIN,2015,37.9,2.51713991165161
Guinea,GIN,2016,38.7,2.54450011253357
Guinea,GIN,2017,39.5,2.3203399181366
Guinea,GIN,2018,40.3,2.38432002067566
Guinea,GIN,2019,41.1,1.85812997817993
Guinea,GIN,2020,41.8,2.43267011642456
Guinea,GIN,2021,42.6,2.04074811935425
Guinea-Bissau,GNB,2010,30.2,1.68220996856689
Guinea-Bissau,GNB,2011,30.9,1.76593005657196
Guinea-Bissau,GNB,2012,31.7,1.8863799571991
Guinea-Bissau,GNB,2013,32.4,2.01027011871338
Guyana,GUY,2003,63.4,6.95590019226074
Guyana,GUY,2004,64.4,5.51293992996216
Guyana,GUY,2005,65.4,8.13973045349121
Guyana,GUY,2006,66.4,3.11891007423401
Guyana,GUY,2007,67.4,2.39117002487183
Guyana,GUY,2009,69.4,2.15057992935181
Guyana,GUY,2010,71.2,2.40938997268677
Guyana,GUY,2011,73.0,2.50669002532959
Guyana,GUY,2012,74.7,2.24131989479065
Guyana,GUY,2014,78.3,4.36033010482788
Guyana,GUY,2015,78.0,3.89569997787476
Guyana,GUY,2016,77.8,4.73775005340576
Guyana,GUY,2017,77.5,4.6647801399231
Guyana,GUY,2018,77.2,4.45058012008667
Haiti,HTI,2014,35.6,1.75226998329163
Haiti,HTI,2015,36.6,1.85497999191284
Haiti,HTI,2016,37.6,1.38776004314423
Haiti,HTI,2017,38.7,1.49846994876862
Haiti,HTI,2018,39.7,1.63715994358063
Haiti,HTI,2019,40.7,1.75941300392151
Haiti,HTI,2020,41.7,1.371013879776
Honduras,HND,2012,65.1,6.29972791671753
Honduras,HND,2013,66.2,5.87492990493774
Honduras,HND,2014,67.2,7.0901198387146
Honduras,HND,2015,68.3,6.41297006607056
Honduras,HND,2016,69.3,6.09509515762329
Honduras,HND,2017,70.4,5.74434375762939
Honduras,HND,2018,71.4,6.05646991729736
Honduras,HND,2019,72.5,5.93245983123779
Honduras,HND,2020,73.5,5.97629117965698
Honduras,HND,2021,74.6,5.81050157546997
Honduras,HND,2022,75.6,4.44157886505127
India,IND,1999,30.3,4.41539001464844
India,IND,2000,31.3,4.32479000091553
India,IND,2003,34.5,3.61340999603271
India,IND,2004,35.6,3.35254001617432
India,IND,2005,36.7,3.18875002861023
India,IND,2006,37.7,3.14284992218018
India,IND,2009,42.2,3.27824997901917
India,IND,2010,43.7,3.377690076828
India,IND,2011,45.2,3.79618000984192
India,IND,2012,46.7,4.08479833602905
India,IND,2013,48.8,3.84467005729675
India,IND,2014,50.9,3.89878034591675
India,IND,2015,53.0,4.11499166488647
India,IND,2016,55.1,4.256516456604
India,IND,2017,57.4,4.30639696121216
India,IND,2018,59.7,4.3769326210022
India,IND,2019,62.0,3.89732360839844
India,IND,2020,64.2,4.04014158248901
India,IND,2021,66.5,4.63514137268066
India,IND,2022,68.8,4.12072849273682
Indonesia,IDN,2001,49.0,2.46003007888794
Indonesia,IDN,2002,50.1,2.64568996429443
Indonesia,IDN,2003,51.2,3.21799993515015
Indonesia,IDN,2004,52.9,2.74847006797791
Indonesia,IDN,2005,54.6,2.8728199005127
Indonesia,IDN,2007,58.0,3.04425001144409
Indonesia,IDN,2008,59.4,2.90190005302429
Indonesia,IDN,2009,60.8,3.52513003349304
Indonesia,IDN,2010,62.3,2.81227993965149
Indonesia,IDN,2011,63.7,3.18944001197815
Indonesia,IDN,2012,65.2,3.40748000144958
Indonesia,IDN,2013,66.5,3.35904002189636
Indonesia,IDN,2014,67.8,3.28800988197327
Indonesia,IDN,2015,69.1,3.58360004425049
Indonesia,IDN,2016,70.5,1.21023452281952
Indonesia,IDN,2017,71.8,1.05324387550354
Indonesia,IDN,2018,73.1,0.99443644285202
Indonesia,IDN,2019,74.4,0.964399099349976
Indonesia,IDN,2020,75.8,1.01593220233917
"Iran, Islamic Rep.",IRN,2002,73.6,4.48487997055054
"Iran, Islamic Rep.",IRN,2003,73.6,4.36322021484375
"Iran, Islamic Rep.",IRN,2004,73.6,4.29662990570068
"Iran, Islamic Rep.",IRN,2005,73.6,4.05650997161865
"Iran, Islamic Rep.",IRN,2006,73.6,4.28998994827271
"Iran, Islamic Rep.",IRN,2007,73.6,4.59680986404419
"Iran, Islamic Rep.",IRN,2008,73.6,3.91375994682312
"Iran, Islamic Rep.",IRN,2009,73.6,3.84244990348816
"Iran, Islamic Rep.",IRN,2010,73.6,3.70918011665344
Jamaica,JAM,2008,73.3,6.19131994247437
Jamaica,JAM,2009,73.9,6.19848012924194
Jamaica,JAM,2010,74.6,6.37060022354126
Jamaica,JAM,2011,75.2,6.26664018630981
Jamaica,JAM,2012,75.8,6.11246013641357
Jamaica,JAM,2013,76.5,6.25108003616333
Jamaica,JAM,2014,77.1,6.01586008071899
Jamaica,JAM,2015,77.8,5.45522022247314
Jamaica,JAM,2016,78.4,5.31461000442505
Jamaica,JAM,2017,79.1,5.26016998291016
Jamaica,JAM,2018,79.7,5.41380977630615
Jamaica,JAM,2019,80.4,5.16364002227783
Jamaica,JAM,2020,81.0,5.61749505996704
Jamaica,JAM,2021,81.6,5.63123989105225
Jamaica,JAM,2022,82.3,5.35435009002686
Jamaica,JAM,2023,82.9,5.65453672409058
Jordan,JOR,1999,86.7,4.94366979598999
Jordan,JOR,2016,92.7,3.45282006263733
Jordan,JOR,2017,92.5,3.21305990219116
Jordan,JOR,2018,92.2,2.95461988449097
Jordan,JOR,2019,91.9,2.98847007751465
Jordan,JOR,2021,91.4,3.13837003707886
Jordan,JOR,2022,91.1,3.16022992134094
Kazakhstan,KAZ,1999,66.8,3.89257001876831
Kazakhstan,KAZ,2000,67.9,3.25661993026733
Kazakhstan,KAZ,2001,69.0,3.27934145927429
Kazakhstan,KAZ,2002,70.2,3.02970004081726
Kazakhstan,KAZ,2003,71.3,3.23048210144043
Kazakhstan,KAZ,2004,72.4,2.25590991973877
Kazakhstan,KAZ,2005,73.6,2.26353001594543
Kazakhstan,KAZ,2006,74.7,2.62678003311157
Kazakhstan,KAZ,2007,76.6,2.83138990402222
Kazakhstan,KAZ,2008,78.5,2.58945989608765
Kazakhstan,KAZ,2009,80.3,3.06071996688843
Kazakhstan,KAZ,2010,82.2,3.58735489845276
Kazakhstan,KAZ,2011,82.4,3.61434006690979
Kazakhstan,KAZ,2012,82.5,3.90163707733154
Kazakhstan,KAZ,2013,82.7,3.44564890861511
Kazakhstan,KAZ,2014,82.8,3.429039478302
Kazakhstan,KAZ,2015,83.0,3.33796977996826
Kazakhstan,KAZ,2016,83.1,3.56325101852417
Kazakhstan,KAZ,2017,83.3,3.39102387428284
Kazakhstan,KAZ,2018,83.4,3.15191626548767
Kenya,KEN,1999,20.4,5.32323980331421
Kenya,KEN,2000,20.5,5.1867299079895
Kenya,KEN,2001,20.6,5.20621013641357
Kenya,KEN,2002,20.7,6.17199993133545
Kenya,KEN,2003,20.9,6.49426984786987
Kenya,KEN,2004,22.8,6.79692983627319
Kenya,KEN,2005,24.7,7.3356499671936
Kenya,KEN,2006,26.6,7.04983997344971
Kenya,KEN,2009,31.8,4.01999998092651
Kenya,KEN,2010,33.3,4.81548976898193
Kenya,KEN,2011,34.8,4.70012998580933
Kenya,KEN,2012,36.3,4.93121004104614
Kenya,KEN,2013,37.8,4.83721017837524
Kenya,KEN,2014,39.2,4.7172999382019
Kenya,KEN,2015,40.2,4.9494514465332
Kenya,KEN,2016,41.2,4.66556310653687
Kenya,KEN,2017,42.1,4.26874256134033
Kenya,KEN,2018,43.1,5.32192516326904
Kenya,KEN,2019,44.1,5.37359189987183
Kenya,KEN,2020,45.1,5.04574871063232
Kenya,KEN,2021,46.0,4.89040184020996
Kenya,KEN,2022,47.0,4.51101779937744
Kenya,KEN,2023,48.0,3.96229314804077
Kiribati,KIR,2014,43.3,12.9530000686646
Kiribati,KIR,2015,43.3,12.1140003204346
Kiribati,KIR,2016,43.3,13.4829998016357
Kiribati,KIR,2017,43.3,13.5749998092651
Kiribati,KIR,2018,43.3,15.3769998550415
Kiribati,KIR,2019,43.3,13.7686548233032
Kiribati,KIR,2021,43.3,14.1951599121094
Kuwait,KWT,2016,94.6,5.95593976974487
Kuwait,KWT,2017,94.6,6.35444211959839
Kuwait,KWT,2018,94.6,6.39165258407593
Kyrgyz Republic,KGZ,1999,58.3,4.0852198600769
Kyrgyz Republic,KGZ,2000,59.2,3.50838994979858
Kyrgyz Republic,KGZ,2001,60.2,3.85418009757996
Kyrgyz Republic,KGZ,2002,61.2,4.44545984268188
Kyrgyz Republic,KGZ,2003,62.2,4.47541999816895
Kyrgyz Republic,KGZ,2004,63.1,4.62243986129761
Kyrgyz Republic,KGZ,2005,64.1,4.87383985519409
Kyrgyz Republic,KGZ,2006,65.1,5.54986000061035
Kyrgyz Republic,KGZ,2007,66.9,6.46700000762939
Kyrgyz Republic,KGZ,2008,68.8,5.91318988800049
Kyrgyz Republic,KGZ,2009,70.7,6.23267984390259
Kyrgyz Republic,KGZ,2010,72.5,5.81883239746094
Kyrgyz Republic,KGZ,2011,74.4,6.79062080383301
Kyrgyz Republic,KGZ,2012,76.3,7.38422012329102
Kyrgyz Republic,KGZ,2013,77.0,6.78019857406616
Kyrgyz Republic,KGZ,2014,77.8,6.46763563156128
Kyrgyz Republic,KGZ,2015,78.6,6.96764755249023
Kyrgyz Republic,KGZ,2016,79.5,6.58615016937256
Kyrgyz Republic,KGZ,2017,80.4,6.02618980407715
Kyrgyz Republic,KGZ,2018,81.3,5.55267000198364
Kyrgyz Republic,KGZ,2019,82.1,6.07318115234375
Kyrgyz Republic,KGZ,2020,83.0,6.61971664428711
Kyrgyz Republic,KGZ,2021,83.9,6.17235136032104
Lao PDR,LAO,2009,55.2,1.65485000610352
Lao PDR,LAO,2010,57.2,1.70978999137878
Lao PDR,LAO,2011,59.3,1.70801997184753
Lao PDR,LAO,2012,61.4,1.82147002220154
Lao PDR,LAO,2013,63.4,3.23380994796753
Lao PDR,LAO,2014,65.5,2.93780994415283
Lao PDR,LAO,2015,67.5,2.73689794540405
Lao PDR,LAO,2016,69.6,2.77442979812622
Lao PDR,LAO,2017,71.6,2.4979727268219
Lao PDR,LAO,2018,73.7,2.33501219749451
Lao PDR,LAO,2019,75.7,2.12201404571533
Lao PDR,LAO,2020,77.8,1.91597270965576
Lebanon,LBN,2009,68.6,1.76570999622345
Lebanon,LBN,2010,68.6,1.61330997943878
Lebanon,LBN,2011,68.6,1.65251994132996
Lebanon,LBN,2012,68.6,2.14902997016907
Lebanon,LBN,2013,68.6,2.43396997451782
Lebanon,LBN,2016,68.6,2.12633323669434
Lebanon,LBN,2017,68.6,2.13748621940613
Lesotho,LSO,2001,19.6,9.36505031585693
Lesotho,LSO,2002,21.0,10.1004495620728
Lesotho,LSO,2003,22.3,13.2195701599121
Lesotho,LSO,2004,23.7,11.1090097427368
Lesotho,LSO,2005,25.0,12.0796604156494
Lesotho,LSO,2006,26.4,11.2712802886963
Lesotho,LSO,2008,29.1,12.3287401199341
Lesotho,LSO,2011,33.8,8.17000007629395
Lesotho,LSO,2012,35.6,7.67000007629395
Lesotho,LSO,2013,37.5,7.28999996185303
Lesotho,LSO,2014,39.4,7.19999980926514
Lesotho,LSO,2015,40.9,7.64250230789185
Lesotho,LSO,2016,42.4,7.55247402191162
Lesotho,LSO,2017,43.9,7.23117733001709
Lesotho,LSO,2018,45.4,7.40291881561279
Lesotho,LSO,2019,46.1,7.19406890869141
Lesotho,LSO,2020,46.8,6.99799251556396
Lesotho,LSO,2021,47.6,7.50747919082642
Lesotho,LSO,2022,48.3,6.43347549438477
Lesotho,LSO,2023,49.0,6.69212198257446
Liberia,LBR,2008,24.6,1.70166003704071
Liberia,LBR,2012,27.9,1.77711999416351
Liberia,LBR,2013,28.8,1.69078004360199
Liberia,LBR,2014,29.3,2.16898345947266
Liberia,LBR,2015,29.9,2.11587476730347
Liberia,LBR,2016,30.4,2.11479687690735
Liberia,LBR,2017,31.0,2.24632501602173
Liberia,LBR,2018,31.5,2.41389799118042
Liberia,LBR,2019,32.1,2.16508197784424
Liberia,LBR,2020,32.6,2.13601422309875
Liberia,LBR,2021,33.2,2.11186790466309
Liberia,LBR,2022,33.7,2.27609586715698
Madagascar,MDG,1999,16.8,2.40500998497009
Madagascar,MDG,2000,17.3,2.4386899471283
Madagascar,MDG,2001,17.8,2.707200050354
Madagascar,MDG,2002,18.3,2.23179006576538
Madagascar,MDG,2003,18.8,2.61094999313354
Madagascar,MDG,2004,19.3,2.81261992454529
Madagascar,MDG,2005,20.0,3.3096399307251
Madagascar,MDG,2006,20.8,2.83097004890442
Madagascar,MDG,2007,21.6,2.90274000167847
Madagascar,MDG,2008,22.3,2.55433988571167
Madagascar,MDG,2009,23.1,2.82512998580933
Madagascar,MDG,2010,23.7,2.58523440361023
Madagascar,MDG,2011,24.3,3.09318614006042
Madagascar,MDG,2012,24.9,2.46357321739197
Madagascar,MDG,2013,25.6,2.40690064430237
Madagascar,MDG,2014,26.2,2.98742127418518
Madagascar,MDG,2015,26.8,2.70418834686279
Madagascar,MDG,2016,27.4,2.69792056083679
Madagascar,MDG,2017,28.0,2.70137405395508
Madagascar,MDG,2018,28.6,3.04906916618347
Madagascar,MDG,2019,28.6,3.01338386535645
Madagascar,MDG,2020,28.6,3.25443387031555
Madagascar,MDG,2021,28.6,3.19807553291321
Madagascar,MDG,2022,28.6,3.13901996612549
Malawi,MWI,1999,12.8,3.43224000930786
Malawi,MWI,2000,12.9,3.60612988471985
Malawi,MWI,2001,13.2,3.09834003448486
Malawi,MWI,2003,13.8,2.20964002609253
Malawi,MWI,2010,19.2,2.43236994743347
Malawi,MWI,2011,20.3,2.85346007347107
Malawi,MWI,2012,21.5,2.52861189842224
Malawi,MWI,2013,22.7,3.92116975784302
Malawi,MWI,2014,23.8,3.66006016731262
Malawi,MWI,2015,25.0,3.44449663162231
Malawi,MWI,2016,26.2,3.24413061141968
Malawi,MWI,2017,26.6,3.57505488395691
Malawi,MWI,2018,27.0,3.32295989990234
Malaysia,MYS,1999,77.4,5.68678998947144
Malaysia,MYS,2000,78.4,5.9716100692749
Malaysia,MYS,2001,79.3,7.48446989059448
Malaysia,MYS,2002,80.2,7.65792989730835
Malaysia,MYS,2003,81.1,7.50288009643555
Malaysia,MYS,2004,82.0,5.92389011383057
Malaysia,MYS,2006,83.9,4.48576021194458
Malaysia,MYS,2007,84.8,4.37253999710083
Malaysia,MYS,2008,85.7,3.95851993560791
Malaysia,MYS,2009,86.6,5.97418022155762
Malaysia,MYS,2010,87.5,4.96645021438599
Malaysia,MYS,2011,88.5,5.76293992996216
Malaysia,MYS,2012,89.4,5.73902988433838
Malaysia,MYS,2013,90.3,5.48120021820068
Malaysia,MYS,2014,91.2,5.02935981750488
Maldives,MDV,2006,78.0,4.64523983001709
Maldives,MDV,2007,78.7,4.41788005828857
Maldives,MDV,2008,79.4,4.470290184021
Maldives,MDV,2009,80.2,5.08168983459473
Maldives,MDV,2010,80.9,3.63328003883362
Maldives,MDV,2011,81.6,3.08072996139526
Maldives,MDV,2012,82.3,4.96826791763306
Maldives,MDV,2013,83.0,3.95450043678284
Maldives,MDV,2014,83.7,3.88979530334473
Maldives,MDV,2015,84.4,4.62230539321899
Maldives,MDV,2016,85.1,4.43873596191406
Maldives,MDV,2017,85.8,3.8226854801178
Maldives,MDV,2018,86.5,3.85681772232056
Maldives,MDV,2019,87.2,4.12356948852539
Maldives,MDV,2020,87.9,5.84760808944702
Mali,MLI,1999,16.6,2.23183989524841
Mali,MLI,2000,16.1,2.97156000137329
Mali,MLI,2001,15.5,2.65844988822937
Mali,MLI,2002,16.4,2.8962299823761
Mali,MLI,2003,17.3,3.80559992790222
Mali,MLI,2004,18.1,3.85922002792358
Mali,MLI,2005,19.0,3.52218008041382
Mali,MLI,2008,23.7,3.403559923172
Mali,MLI,2009,25.7,3.86904001235962
Mali,MLI,2010,27.6,3.34388995170593
Mali,MLI,2011,29.5,3.75423002243042
Mali,MLI,2012,31.4,3.47949004173279
Mali,MLI,2013,33.3,3.28465008735657
Mali,MLI,2014,34.8,3.64819002151489
Mali,MLI,2015,36.2,3.80152010917664
Mali,MLI,2016,37.7,3.09477996826172
Mali,MLI,2017,39.2,3.78976988792419
Mali,MLI,2018,40.6,3.55817008018494
Mali,MLI,2019,42.1,3.55504989624023
Mali,MLI,2020,43.5,3.95445990562439
Mali,MLI,2021,45.0,4.36370992660522
Mauritania,MRT,1999,15.3,1.72203004360199
Mauritania,MRT,2001,19.2,2.10683989524841
Mauritania,MRT,2002,21.1,2.27714991569519
Mauritania,MRT,2003,23.0,2.36501002311707
Mauritania,MRT,2004,25.0,1.9507999420166
Mauritania,MRT,2006,28.9,1.95851004123688
Mauritania,MRT,2011,33.8,2.33102011680603
Mauritania,MRT,2012,35.5,2.15821003913879
Mauritania,MRT,2013,37.1,2.29354000091553
Mauritania,MRT,2014,38.7,2.55796432495117
Mauritania,MRT,2015,40.3,2.82956600189209
Mauritania,MRT,2016,41.2,1.94405996799469
Mauritania,MRT,2019,44.1,1.82317996025085
Mauritania,MRT,2020,45.1,1.802649974823
Mauritania,MRT,2021,46.0,1.891970038414
Mauritania,MRT,2022,47.0,2.44024252891541
Mauritania,MRT,2023,48.0,2.64603042602539
Mauritius,MUS,2009,88.9,3.04731011390686
Mauritius,MUS,2010,88.9,3.55147004127502
Mauritius,MUS,2011,88.9,3.33207011222839
Mauritius,MUS,2012,88.9,3.41820001602173
Mauritius,MUS,2013,88.9,3.56775999069214
Mauritius,MUS,2014,88.9,4.81514978408813
Mauritius,MUS,2015,88.9,4.75847005844116
Mauritius,MUS,2016,88.9,4.88207006454468
Mauritius,MUS,2017,88.9,4.87887001037598
Mexico,MEX,1999,67.7,3.36164999008179
Mexico,MEX,2000,68.6,3.80870008468628
Mexico,MEX,2001,69.4,4.0313401222229
Mexico,MEX,2002,70.3,4.24307012557983
Mexico,MEX,2003,71.1,4.83262014389038
Mexico,MEX,2004,72.0,4.51204013824463
Mexico,MEX,2005,72.8,4.63395023345947
Mexico,MEX,2006,73.7,4.4931697845459
Mexico,MEX,2007,74.5,4.47921991348267
Mexico,MEX,2008,75.4,4.60609006881714
Mexico,MEX,2009,76.2,4.94933986663818
Mexico,MEX,2010,77.1,4.93695020675659
Mexico,MEX,2011,77.3,4.90405988693237
Mexico,MEX,2012,77.6,4.88348007202148
Mexico,MEX,2013,77.8,4.50858020782471
Mexico,MEX,2014,78.1,5.06808996200562
Mexico,MEX,2015,78.3,5.05087995529175
Mexico,MEX,2016,84.2,4.75795984268188
Mexico,MEX,2017,89.4,4.39752006530762
Mexico,MEX,2018,94.7,4.13945007324219
Moldova,MDA,2002,65.6,5.4979100227356
Moldova,MDA,2003,66.1,5.42489004135132
Moldova,MDA,2004,66.7,6.77103996276855
Moldova,MDA,2005,67.2,7.16270017623901
Moldova,MDA,2006,67.7,7.49899005889893
Moldova,MDA,2007,68.2,8.29337024688721
Moldova,MDA,2008,68.7,8.23727035522461
Moldova,MDA,2009,69.2,9.5097599029541
Moldova,MDA,2010,69.7,7.5922999382019
Moldova,MDA,2011,70.2,7.13638019561768
Moldova,MDA,2012,70.7,6.98338985443115
Moldova,MDA,2013,71.2,5.90975522994995
Moldova,MDA,2014,71.7,6.33806991577148
Moldova,MDA,2015,72.2,5.80568695068359
Mongolia,MNG,2002,42.6,7.21078014373779
Mongolia,MNG,2004,46.6,4.32572984695435
Mongolia,MNG,2007,52.6,4.69013023376465
Mongolia,MNG,2009,56.6,5.14484977722168
Mongolia,MNG,2010,58.6,4.64510011672974
Mongolia,MNG,2011,59.8,4.60902976989746
Mongolia,MNG,2012,61.1,5.96198511123657
Mongolia,MNG,2013,62.4,5.24104022979736
Mongolia,MNG,2014,63.6,5.42825603485107
Mongolia,MNG,2015,64.9,4.38715648651123
Mongolia,MNG,2016,66.2,5.20043277740479
Mongolia,MNG,2017,67.4,4.31822395324707
Mongolia,MNG,2018,68.7,3.99742722511292
Mongolia,MNG,2019,70.0,3.65236973762512
Mongolia,MNG,2020,71.3,4.66345500946045
Mongolia,MNG,2021,72.5,3.34389615058899
Morocco,MAR,1999,58.9,4.62526988983154
Morocco,MAR,2008,74.4,4.85339021682739
Morocco,MAR,2009,76.3,4.83119010925293
Morocco,MAR,2012,82.1,5.55294847488403
Morocco,MAR,2014,86.0,5.48276042938232
Morocco,MAR,2015,87.9,5.13336896896362
Morocco,MAR,2016,89.8,5.08530187606812
Morocco,MAR,2017,91.7,4.73564958572388
Mozambique,MOZ,1999,14.6,2.64153003692627
Mozambique,MOZ,2004,16.2,3.19839000701904
Mozambique,MOZ,2005,17.2,3.85834002494812
Mozambique,MOZ,2006,18.2,3.7359299659729
Mozambique,MOZ,2010,22.3,5.39052867889404
Mozambique,MOZ,2011,23.3,5.62194490432739
Mozambique,MOZ,2012,24.0,5.5575098991394
Mozambique,MOZ,2013,24.8,6.03576993942261
Mozambique,MOZ,2014,25.5,6.49390125274658
Mozambique,MOZ,2015,26.2,6.01083421707153
Mozambique,MOZ,2016,26.9,5.80086994171143
Mozambique,MOZ,2017,27.7,5.48664999008179
Mozambique,MOZ,2018,28.4,5.38976001739502
Mozambique,MOZ,2019,29.1,6.2863941192627
Mozambique,MOZ,2020,29.8,6.64256286621094
Mozambique,MOZ,2021,30.6,6.49789762496948
Mozambique,MOZ,2022,31.3,6.16198396682739
Myanmar,MMR,2011,47.9,0.787440001964569
Myanmar,MMR,2012,48.0,1.58642876148224
Myanmar,MMR,2013,48.1,1.84381175041199
Myanmar,MMR,2014,48.2,2.01199841499329
Myanmar,MMR,2015,48.3,2.2456042766571
Myanmar,MMR,2016,48.4,2.15808844566345
Myanmar,MMR,2017,48.5,2.16652989387512
Myanmar,MMR,2018,48.6,1.99249005317688
Myanmar,MMR,2019,48.6,1.99976003170013
Namibia,NAM,1999,35.9,7.13076019287109
Namibia,NAM,2000,35.7,6.901780128479
Namibia,NAM,2001,37.5,6.88886976242065
Namibia,NAM,2002,39.3,6.7423300743103
Namibia,NAM,2003,41.1,6.13713979721069
Namibia,NAM,2006,46.4,6.03171014785767
Namibia,NAM,2008,47.9,6.40342998504639
Namibia,NAM,2010,49.5,8.24330043792725
Namibia,NAM,2011,50.3,8.0213794708252
Namibia,NAM,2012,51.1,9.24281215667725
Namibia,NAM,2013,51.8,8.59541702270508
Namibia,NAM,2014,52.6,9.56250667572021
Namibia,NAM,2015,53.4,9.85076808929443
Namibia,NAM,2016,54.2,10.592794418335
Nepal,NPL,2003,21.3,3.11435008049011
Nepal,NPL,2004,24.1,3.17194008827209
Nepal,NPL,2005,27.0,3.3646399974823
Nepal,NPL,2006,29.8,3.60536003112793
Nepal,NPL,2007,32.7,3.51721000671387
Nepal,NPL,2008,35.5,3.8051700592041
Nepal,NPL,2009,38.4,4.6637601852417
Nepal,NPL,2010,41.2,3.63172006607056
Nepal,NPL,2011,44.1,3.84261989593506
Nepal,NPL,2012,45.6,3.52898859977722
Nepal,NPL,2013,47.2,3.20268630981445
Nepal,NPL,2014,48.7,3.48599410057068
Nepal,NPL,2015,50.3,3.29425358772278
Nepal,NPL,2016,51.8,3.47711229324341
Nepal,NPL,2017,53.7,3.52892374992371
Nepal,NPL,2018,55.5,3.66440558433533
Nepal,NPL,2019,57.4,3.48568081855774
Nepal,NPL,2020,58.4,4.21106672286987
Nepal,NPL,2021,59.4,3.95612215995789
Nepal,NPL,2022,60.4,3.61778378486633
Nepal,NPL,2023,61.3,3.68125796318054
Nicaragua,NIC,1999,41.7,2.92365002632141
Nicaragua,NIC,2000,43.2,3.00160002708435
Nicaragua,NIC,2002,45.5,2.39101004600525
Nicaragua,NIC,2003,46.4,2.42200994491577
Nicaragua,NIC,2010,52.0,4.48424005508423
Nicaragua,NIC,2014,54.9,4.08329010009766
Nicaragua,NIC,2015,55.6,4.07843017578125
Niger,NER,1999,11.3,2.56853008270264
Niger,NER,2000,11.5,2.5650200843811
Niger,NER,2001,11.7,2.27981996536255
Niger,NER,2002,11.9,2.40134000778198
Niger,NER,2003,12.0,1.93705999851227
Niger,NER,2006,12.6,2.55852007865906
Niger,NER,2007,13.8,3.01462006568909
Niger,NER,2008,15.0,2.72311997413635
Niger,NER,2009,16.3,3.33588004112244
Niger,NER,2010,17.5,2.7219500541687
Niger,NER,2011,18.7,3.07762002944946
Niger,NER,2012,19.9,3.1868200302124
Niger,NER,2013,21.2,3.68952989578247
Niger,NER,2014,22.4,5.10368013381958
Niger,NER,2015,23.6,4.48669004440308
Nigeria,NGA,2010,38.5,0.496685653924942
Nigeria,NGA,2011,39.4,0.564658761024475
Nigeria,NGA,2012,40.3,0.549233078956604
Nigeria,NGA,2013,41.2,0.534206748008728
Nigeria,NGA,2014,41.8,0.470742553472519
Nigeria,NGA,2015,42.5,0.436954915523529
Nigeria,NGA,2016,43.1,0.393045634031296
Nigeria,NGA,2017,43.7,0.396354019641876
Nigeria,NGA,2018,44.3,0.419998496770859
Nigeria,NGA,2019,44.9,0.358478993177414
Nigeria,NGA,2020,45.5,0.359637647867203
Nigeria,NGA,2021,46.0,0.381919115781784
Nigeria,NGA,2022,46.6,0.348516702651978
North Macedonia,MKD,2002,88.6,3.30014991760254
Pakistan,PAK,1999,42.6,2.61149001121521
Pakistan,PAK,2000,43.8,1.83782005310059
Pakistan,PAK,2004,48.7,1.44337999820709
Pakistan,PAK,2005,50.0,1.67058002948761
Pakistan,PAK,2006,51.2,1.98055994510651
Pakistan,PAK,2007,52.4,2.23465991020203
Pakistan,PAK,2008,53.7,2.27263998985291
Pakistan,PAK,2009,55.0,2.17916011810303
Pakistan,PAK,2010,56.2,2.05268001556396
Pakistan,PAK,2011,57.5,2.00100994110107
Pakistan,PAK,2012,58.8,1.97879004478455
Pakistan,PAK,2013,59.7,2.23698997497559
Pakistan,PAK,2014,60.5,2.2043399810791
Pakistan,PAK,2015,61.4,2.38609004020691
Pakistan,PAK,2016,62.2,2.41721177101135
Pakistan,PAK,2017,63.1,2.13665676116943
Pakistan,PAK,2018,64.0,2.33216953277588
Pakistan,PAK,2019,64.8,2.21491765975952
Pakistan,PAK,2020,65.7,2.05718231201172
Pakistan,PAK,2021,66.6,1.6874612569809
Panama,PAN,2004,61.3,3.5786600112915
Panama,PAN,2008,70.9,3.50229001045227
Panama,PAN,2011,78.1,3.15900993347168
Panama,PAN,2014,71.8,3.17401003837585
Panama,PAN,2015,67.5,3.36669993400574
Panama,PAN,2016,63.2,3.42913007736206
Papua New Guinea,PNG,2015,28.2,1.66600000858307
Papua New Guinea,PNG,2016,28.2,0.846000015735626
Papua New Guinea,PNG,2017,28.2,1.96493005752563
Papua New Guinea,PNG,2018,28.2,1.8748300075531
Papua New Guinea,PNG,2019,28.2,0.736999988555908
Papua New Guinea,PNG,2020,28.2,1.49800002574921
Papua New Guinea,PNG,2021,28.2,1.34599995613098
Paraguay,PRY,1999,65.6,4.23087978363037
Paraguay,PRY,2000,66.1,4.2302098274231
Paraguay,PRY,2001,66.6,3.83357000350952
Paraguay,PRY,2002,67.1,3.40773010253906
Paraguay,PRY,2003,67.6,3.3827600479126
Paraguay,PRY,2004,68.0,2.86989998817444
Paraguay,PRY,2007,69.5,2.73951005935669
Paraguay,PRY,2010,75.0,2.7707200050354
Paraguay,PRY,2011,76.8,3.69282007217407
Paraguay,PRY,2012,78.6,3.668790102005
Paraguay,PRY,2013,80.5,2.67871189117432
Paraguay,PRY,2014,82.3,2.59655904769897
Paraguay,PRY,2015,84.1,3.33377814292908
Peru,PER,1999,47.3,3.44133996963501
Peru,PER,2000,47.9,3.22802996635437
Peru,PER,2001,48.5,3.03712010383606
Peru,PER,2002,49.1,2.82056999206543
Peru,PER,2003,49.7,2.93779993057251
Peru,PER,2004,50.3,2.95787000656128
Peru,PER,2005,52.4,2.83903002738953
Peru,PER,2006,54.5,2.65281009674072
Peru,PER,2007,55.4,2.62940001487732
Peru,PER,2008,56.3,2.8677499294281
Peru,PER,2009,59.4,3.13994002342224
Peru,PER,2010,61.1,2.86730003356934
Peru,PER,2011,63.3,2.6635000705719
Peru,PER,2012,64.2,2.92276000976562
Peru,PER,2013,65.1,3.29729008674622
Peru,PER,2014,66.0,3.69599008560181
Peru,PER,2015,66.9,3.96933007240295
Philippines,PHL,2000,55.2,3.16440010070801
Philippines,PHL,2001,56.2,2.92463994026184
Philippines,PHL,2002,57.2,2.89222002029419
Philippines,PHL,2003,58.2,2.93517994880676
Philippines,PHL,2004,58.9,2.46983003616333
Philippines,PHL,2005,59.6,2.32806992530823
Philippines,PHL,2006,60.3,2.42579007148743
Philippines,PHL,2007,61.0,2.48517990112305
Philippines,PHL,2008,61.8,2.58282995223999
Philippines,PHL,2009,62.9,2.53777003288269
Philippines,PHL,2014,67.9,2.66454243659973
Philippines,PHL,2015,68.1,2.8305230140686
Philippines,PHL,2016,68.4,3.3012809753418
Philippines,PHL,2017,68.7,3.9638409614563
Philippines,PHL,2018,68.5,3.85502767562866
Philippines,PHL,2019,68.3,3.40748643875122
Philippines,PHL,2020,68.1,3.85829043388367
Philippines,PHL,2021,67.9,3.87249755859375
Philippines,PHL,2022,67.7,3.57960081100464
Philippines,PHL,2023,67.5,3.62368631362915
Rwanda,RWA,1999,7.47,3.857990026474
Rwanda,RWA,2000,7.26,3.43418002128601
Rwanda,RWA,2001,7.47,4.82501983642578
Rwanda,RWA,2007,13.6,3.98502993583679
Rwanda,RWA,2008,16.3,3.50216007232666
Rwanda,RWA,2010,21.6,4.63126993179321
Rwanda,RWA,2011,22.1,4.38346004486084
Rwanda,RWA,2012,22.7,4.42103004455566
Rwanda,RWA,2013,23.2,4.7421498298645
Rwanda,RWA,2014,23.7,4.19644021987915
Rwanda,RWA,2015,24.3,3.64711999893188
Rwanda,RWA,2016,25.8,3.43483996391296
Rwanda,RWA,2017,27.3,3.1247398853302
Rwanda,RWA,2018,28.8,3.07375001907349
Rwanda,RWA,2019,30.3,3.23868060112
Rwanda,RWA,2020,31.8,3.33394289016724
Rwanda,RWA,2021,33.4,5.58984994888306
Rwanda,RWA,2022,34.9,4.74623012542725
Rwanda,RWA,2023,36.4,4.92004013061523
Samoa,WSM,2015,83.0,4.61519002914429
Samoa,WSM,2016,83.0,4.34968376159668
Samoa,WSM,2017,83.0,3.96231913566589
Samoa,WSM,2018,83.0,4.26097393035889
Samoa,WSM,2019,83.0,4.39581727981567
Samoa,WSM,2020,83.0,4.48100519180298
Samoa,WSM,2021,83.0,5.2044882774353
Samoa,WSM,2022,83.0,4.88079118728638
Samoa,WSM,2023,83.0,6.1134729385376
Sao Tome and Principe,STP,2002,35.6,2.72058010101318
Sao Tome and Principe,STP,2003,36.7,3.24692988395691
Sao Tome and Principe,STP,2004,37.8,3.23470997810364
Sao Tome and Principe,STP,2005,38.8,4.85645008087158
Sao Tome and Principe,STP,2006,39.9,4.27118015289307
Sao Tome and Principe,STP,2007,41.0,6.28682994842529
Sao Tome and Principe,STP,2008,42.1,5.5544900894165
Sao Tome and Principe,STP,2009,43.1,9.99429035186768
Sao Tome and Principe,STP,2010,44.8,9.9882698059082
Sao Tome and Principe,STP,2012,48.0,6.92846012115479
Sao Tome and Principe,STP,2013,49.7,6.68509006500244
Sao Tome and Principe,STP,2014,51.3,4.43216991424561
Sao Tome and Principe,STP,2015,52.4,4.69794988632202
Sao Tome and Principe,STP,2016,53.6,6.11515998840332
Sao Tome and Principe,STP,2017,54.8,5.87489986419678
Sao Tome and Principe,STP,2018,55.9,5.62454986572266
Sao Tome and Principe,STP,2019,57.1,5.89931058883667
Sao Tome and Principe,STP,2020,58.2,5.0152382850647
Sao Tome and Principe,STP,2021,59.4,5.51617622375488
Sao Tome and Principe,STP,2022,60.5,5.15598058700562
Saudi Arabia,SAU,2008,86.4,5.13781023025513
Senegal,SEN,1999,33.1,2.45981001853943
Senegal,SEN,2000,34.3,2.46335005760193
Senegal,SEN,2001,35.4,2.47150993347168
Senegal,SEN,2002,36.6,2.59441995620728
Senegal,SEN,2003,37.7,2.75125002861023
Senegal,SEN,2004,38.9,3.07778000831604
Senegal,SEN,2005,40.1,4.06443023681641
Senegal,SEN,2006,41.6,3.82137989997864
Senegal,SEN,2008,44.8,4.02568006515503
Senegal,SEN,2009,46.3,4.92073011398315
Senegal,SEN,2010,47.9,0.544770002365112
Senegal,SEN,2011,49.5,4.90302991867065
Senegal,SEN,2012,51.6,4.77698993682861
Senegal,SEN,2013,52.6,5.68656015396118
Senegal,SEN,2014,53.6,5.72907018661499
Senegal,SEN,2015,53.2,5.45637989044189
Senegal,SEN,2016,53.2,5.11309003829956
Senegal,SEN,2017,57.9,4.74007987976074
Senegal,SEN,2018,61.1,5.11019992828369
Senegal,SEN,2019,60.3,5.03527021408081
Senegal,SEN,2020,61.1,5.6869797706604
Senegal,SEN,2021,61.8,5.61201000213623
Senegal,SEN,2022,62.5,5.98753976821899
Serbia,SRB,2007,87.8,4.20983982086182
Serbia,SRB,2008,88.4,4.28094434738159
Serbia,SRB,2009,89.0,4.48398017883301
Serbia,SRB,2010,89.6,3.90093231201172
Serbia,SRB,2011,90.0,4.2383599281311
Serbia,SRB,2012,90.4,3.84768438339233
Serbia,SRB,2016,91.2,3.63470005989075
Serbia,SRB,2017,91.2,3.71016001701355
Serbia,SRB,2018,91.3,3.58231997489929
Serbia,SRB,2019,91.3,3.61647009849548
Serbia,SRB,2021,91.4,3.29867005348206
Serbia,SRB,2022,91.4,3.23938989639282
Sierra Leone,SLE,2005,20.3,2.8372700214386
Sierra Leone,SLE,2007,21.6,2.5967800617218
Sierra Leone,SLE,2008,22.3,2.4658899307251
Sierra Leone,SLE,2009,22.9,2.8182098865509
Sierra Leone,SLE,2010,23.6,2.58851051330566
Sierra Leone,SLE,2011,24.2,2.6782546043396
Sierra Leone,SLE,2012,24.9,2.88159847259521
Sierra Leone,SLE,2013,25.5,2.3798131942749
Sierra Leone,SLE,2014,26.8,2.66290760040283
Sierra Leone,SLE,2016,29.2,2.91133999824524
Sierra Leone,SLE,2017,30.5,4.66086006164551
Sierra Leone,SLE,2018,30.9,6.98962783813477
Sierra Leone,SLE,2019,31.4,7.44701194763184
Sierra Leone,SLE,2020,31.8,8.80954837799072
Sierra Leone,SLE,2021,32.3,9.44223594665527
Sierra Leone,SLE,2022,32.7,8.5391845703125
South Africa,ZAF,1999,56.4,5.29117012023926
South Africa,ZAF,2000,57.5,4.90881013870239
South Africa,ZAF,2001,58.6,4.63617992401123
South Africa,ZAF,2002,59.7,4.54569005966187
South Africa,ZAF,2003,60.8,4.35209989547729
South Africa,ZAF,2004,61.9,4.50897979736328
South Africa,ZAF,2005,62.9,4.52449989318848
South Africa,ZAF,2006,64.0,4.52651977539062
South Africa,ZAF,2007,65.1,4.4466700553894
South Africa,ZAF,2008,66.2,4.37424993515015
South Africa,ZAF,2009,67.3,4.76118993759155
South Africa,ZAF,2010,68.4,5.13497018814087
South Africa,ZAF,2011,69.5,5.28898000717163
South Africa,ZAF,2012,69.9,5.52323007583618
South Africa,ZAF,2013,70.3,5.35071992874146
South Africa,ZAF,2014,70.7,5.48977994918823
South Africa,ZAF,2015,71.1,5.48285007476807
South Africa,ZAF,2016,71.5,5.4442400932312
South Africa,ZAF,2017,71.9,5.59867000579834
South Africa,ZAF,2018,72.3,5.64401006698608
South Africa,ZAF,2019,72.7,5.91158008575439
South Sudan,SSD,2010,14.2,1.04533004760742
South Sudan,SSD,2011,17.3,0.962890028953552
South Sudan,SSD,2012,20.4,1.57674932479858
South Sudan,SSD,2013,23.5,1.02450001239777
St. Lucia,LCA,2008,83.7,4.48353004455566
St. Lucia,LCA,2009,83.7,3.0676600933075
St. Lucia,LCA,2010,83.7,3.4828999042511
St. Lucia,LCA,2011,83.7,3.59881997108459
St. Lucia,LCA,2012,83.7,3.29098010063171
St. Lucia,LCA,2013,83.7,3.87661004066467
St. Lucia,LCA,2014,83.7,3.89142990112305
St. Lucia,LCA,2015,83.7,3.88088011741638
St. Lucia,LCA,2016,83.7,5.20954990386963
Sudan,SDN,2000,24.2,1.01217997074127
Sudan,SDN,2002,25.6,1.16425001621246
Sudan,SDN,2004,26.9,1.31254994869232
Sudan,SDN,2005,27.6,1.17842996120453
Sudan,SDN,2006,28.3,1.55353999137878
Sudan,SDN,2008,29.6,1.85150003433228
Sudan,SDN,2009,30.0,2.02213001251221
Suriname,SUR,2015,83.3,5.53479623794556
Suriname,SUR,2016,83.8,5.64051914215088
Suriname,SUR,2017,84.3,5.45861291885376
Suriname,SUR,2018,84.7,4.92259359359741
Suriname,SUR,2019,85.2,6.77857303619385
Suriname,SUR,2020,85.7,4.58425712585449
Suriname,SUR,2021,86.2,4.13154983520508
Syrian Arab Republic,SYR,2002,83.1,5.26984977722168
Syrian Arab Republic,SYR,2003,83.1,6.48084020614624
Syrian Arab Republic,SYR,2004,83.1,5.37147998809814
Syrian Arab Republic,SYR,2006,83.1,5.27965021133423
Syrian Arab Republic,SYR,2007,83.1,4.86470985412598
Syrian Arab Republic,SYR,2008,83.1,4.59525012969971
Syrian Arab Republic,SYR,2009,83.1,5.13013982772827
Tajikistan,TJK,1999,50.9,2.07651996612549
Tajikistan,TJK,2000,51.1,2.32871007919312
Tajikistan,TJK,2001,51.3,2.37659001350403
Tajikistan,TJK,2002,51.6,2.77578997612
Tajikistan,TJK,2003,51.8,2.42078995704651
Tajikistan,TJK,2004,52.0,2.77203011512756
Tajikistan,TJK,2005,52.2,3.51213002204895
Tajikistan,TJK,2006,54.3,3.40350008010864
Tajikistan,TJK,2007,56.4,3.41326999664307
Tajikistan,TJK,2008,58.4,3.45983004570007
Tajikistan,TJK,2009,60.5,4.0983099937439
Tajikistan,TJK,2010,62.6,4.00675010681152
Tajikistan,TJK,2011,64.7,3.93511009216309
Tajikistan,TJK,2012,66.7,4.01803016662598
Tajikistan,TJK,2013,67.7,5.29397630691528
Tajikistan,TJK,2014,68.6,5.59398889541626
Tajikistan,TJK,2015,69.6,4.96774005889893
Tajikistan,TJK,2016,70.6,5.73094129562378
Tajikistan,TJK,2017,71.5,5.54471778869629
Tajikistan,TJK,2018,72.5,5.38508749008179
Tajikistan,TJK,2019,73.4,5.48427629470825
Tajikistan,TJK,2020,74.4,5.73725271224976
Tanzania,TZA,2004,21.2,3.56244993209839
Tanzania,TZA,2005,21.4,3.54747009277344
Tanzania,TZA,2006,21.5,3.00991988182068
Tanzania,TZA,2007,21.7,4.03342008590698
Tanzania,TZA,2008,21.9,4.18591022491455
Tanzania,TZA,2009,22.1,3.96076011657715
Tanzania,TZA,2010,22.3,4.54169988632202
Tanzania,TZA,2011,23.9,4.57789897918701
Tanzania,TZA,2012,25.4,4.22964286804199
Tanzania,TZA,2013,27.0,4.63769435882568
Tanzania,TZA,2014,28.6,4.34605741500854
Tanzania,TZA,2015,30.1,4.19486570358276
Tanzania,TZA,2016,31.3,4.10196733474731
Tanzania,TZA,2017,32.5,4.40038347244263
Tanzania,TZA,2018,33.8,3.96343588829041
Tanzania,TZA,2019,35.0,3.59683632850647
Tanzania,TZA,2020,36.2,3.23097252845764
Tanzania,TZA,2021,37.4,3.11515331268311
Tanzania,TZA,2022,38.6,3.23824501037598
Tanzania,TZA,2023,39.8,3.26015281677246
Thailand,THA,2003,74.7,3.72561001777649
Thailand,THA,2004,75.8,4.03088998794556
Thailand,THA,2005,76.8,3.93859004974365
Thailand,THA,2006,77.9,4.05038022994995
Thailand,THA,2007,79.0,3.60314989089966
Thailand,THA,2008,80.0,3.50850009918213
Thailand,THA,2009,81.1,3.86193990707397
Thailand,THA,2010,82.2,3.5084400177002
Thailand,THA,2011,83.3,4.80555009841919
Thailand,THA,2012,84.3,3.59691834449768
Thailand,THA,2013,84.7,3.82439851760864
Thailand,THA,2014,85.0,3.91917753219604
Thailand,THA,2015,85.4,3.86397624015808
Thailand,THA,2016,85.8,3.76761746406555
Thailand,THA,2017,86.1,3.46532154083252
Thailand,THA,2018,86.5,3.19769406318665
Thailand,THA,2019,87.0,3.02221417427063
Thailand,THA,2020,87.2,3.15314173698425
Thailand,THA,2021,87.4,2.98212432861328
Thailand,THA,2022,87.6,2.61187028884888
Thailand,THA,2023,87.9,2.52122211456299
Timor-Leste,TLS,2008,31.4,8.67014980316162
Timor-Leste,TLS,2009,33.6,12.9024801254272
Timor-Leste,TLS,2010,35.7,11.1065797805786
Timor-Leste,TLS,2011,37.9,10.1935195922852
Timor-Leste,TLS,2012,40.1,7.16572332382202
Timor-Leste,TLS,2013,42.2,5.68055725097656
Timor-Leste,TLS,2014,44.4,7.65890455245972
Timor-Leste,TLS,2015,46.6,6.29249811172485
Timor-Leste,TLS,2016,48.7,6.0120096206665
Timor-Leste,TLS,2017,50.9,5.20052242279053
Timor-Leste,TLS,2018,53.1,4.87440967559814
Timor-Leste,TLS,2019,55.2,4.17968893051147
Togo,TGO,1999,25.3,2.96396994590759
Togo,TGO,2000,25.9,2.77644991874695
Togo,TGO,2001,26.5,2.66750001907349
Togo,TGO,2002,27.1,2.4695200920105
Togo,TGO,2003,27.6,2.35524988174438
Togo,TGO,2004,28.2,2.20198011398315
Togo,TGO,2005,28.8,2.23748993873596
Togo,TGO,2006,29.4,2.43237996101379
Togo,TGO,2007,30.5,2.48604011535645
Togo,TGO,2008,31.6,2.38472008705139
Togo,TGO,2009,32.7,2.76807999610901
Togo,TGO,2010,33.8,2.95977997779846
Togo,TGO,2011,34.8,3.07750010490417
Togo,TGO,2012,35.9,3.37651991844177
Togo,TGO,2013,37.0,3.17475008964539
Togo,TGO,2014,38.1,3.4237699508667
Togo,TGO,2015,39.0,3.71097993850708
Togo,TGO,2016,39.8,3.6624801158905
Togo,TGO,2017,40.7,3.76526999473572
Togo,TGO,2018,41.5,4.09162998199463
Togo,TGO,2019,42.4,4.20166826248169
Togo,TGO,2020,43.3,4.09133672714233
Tonga,TON,2017,81.9,5.05922508239746
Tonga,TON,2018,81.9,4.96945524215698
Tonga,TON,2019,81.9,5.27322959899902
Tonga,TON,2020,81.9,4.86051654815674
Tonga,TON,2021,81.9,4.92703914642334
Tonga,TON,2022,81.9,5.64619207382202
Tonga,TON,2023,81.9,5.14565324783325
Trinidad and Tobago,TTO,2003,84.4,3.13660001754761
Trinidad and Tobago,TTO,2010,86.6,4.21155452728271
Trinidad and Tobago,TTO,2011,86.9,3.85078835487366
Trinidad and Tobago,TTO,2012,87.1,3.6819269657135
Trinidad and Tobago,TTO,2013,87.2,3.77278661727905
Trinidad and Tobago,TTO,2014,87.4,3.61554169654846
Trinidad and Tobago,TTO,2015,87.6,4.45339345932007
Trinidad and Tobago,TTO,2016,87.7,4.17230987548828
Trinidad and Tobago,TTO,2017,87.9,3.52995157241821
Trinidad and Tobago,TTO,2018,88.0,3.64017295837402
Trinidad and Tobago,TTO,2019,88.2,3.54284954071045
Trinidad and Tobago,TTO,2020,88.4,4.2576699256897
Trinidad and Tobago,TTO,2021,88.5,3.00432991981506
Trinidad and Tobago,TTO,2022,88.7,2.87970423698425
Tunisia,TUN,2009,82.2,6.528480052948
Tunisia,TUN,2010,82.4,5.96306991577148
Tunisia,TUN,2012,83.0,5.95086002349854
Tunisia,TUN,2015,83.9,6.22044992446899
Tunisia,TUN,2019,85.0,6.1737322807312
Tunisia,TUN,2020,85.3,7.26507568359375
Tunisia,TUN,2021,85.6,6.67984676361084
Turkiye,TUR,2008,79.9,3.3205578327179
Turkiye,TUR,2009,81.4,3.76504969596863
Turkiye,TUR,2010,83.0,3.7870135307312
Turkiye,TUR,2011,84.6,4.221519947052
Turkiye,TUR,2012,86.1,4.38721990585327
Turkiye,TUR,2013,87.7,4.34481000900269
Turkiye,TUR,2014,87.9,4.41258001327515
Turkiye,TUR,2015,88.1,4.30550003051758
Turkiye,TUR,2016,88.3,4.62773990631104
Turkiye,TUR,2017,88.5,4.32368993759155
Turkiye,TUR,2018,88.6,4.29729986190796
Turkiye,TUR,2019,88.8,4.44776010513306
Turkiye,TUR,2020,89.0,4.03382015228271
Turkiye,TUR,2021,89.2,3.53787994384766
Turkmenistan,TKM,2012,80.8,3.04924988746643
Turkmenistan,TKM,2019,83.4,3.12054991722107
Turkmenistan,TKM,2020,83.2,3.76267004013062
Turkmenistan,TKM,2021,82.9,3.8489100933075
Turkmenistan,TKM,2022,82.6,3.73386001586914
Turks and Caicos Islands,TCA,2015,85.5,2.98526191711426
Turks and Caicos Islands,TCA,2016,85.5,2.90744566917419
Turks and Caicos Islands,TCA,2017,85.5,2.47278213500977
Turks and Caicos Islands,TCA,2018,85.5,2.86723041534424
Turks and Caicos Islands,TCA,2019,85.5,3.02971601486206
Turks and Caicos Islands,TCA,2020,85.5,2.42074680328369
Turks and Caicos Islands,TCA,2021,85.5,4.10662603378296
Turks and Caicos Islands,TCA,2022,85.5,4.10991382598877
Turks and Caicos Islands,TCA,2023,85.5,3.13524532318115
Tuvalu,TUV,2023,69.2,12.8456897735596
Uganda,UGA,2000,10.5,2.461669921875
Uganda,UGA,2004,16.0,4.95237016677856
Uganda,UGA,2010,25.3,1.72739994525909
Uganda,UGA,2011,26.7,2.29890990257263
Uganda,UGA,2012,27.1,1.79746997356415
Uganda,UGA,2013,27.5,1.87114000320435
Uganda,UGA,2014,28.0,1.91472005844116
Uganda,UGA,2015,28.4,2.32152009010315
Uganda,UGA,2016,28.8,2.13789010047913
Uganda,UGA,2017,29.2,2.25363993644714
Uganda,UGA,2018,29.6,2.13052010536194
Uganda,UGA,2019,30.1,2.30828070640564
Ukraine,UKR,2002,75.7,5.24006986618042
Ukraine,UKR,2003,76.5,5.4001898765564
Ukraine,UKR,2004,77.3,5.12376022338867
Ukraine,UKR,2005,78.1,5.84819984436035
Ukraine,UKR,2006,78.9,5.97945976257324
Ukraine,UKR,2007,79.7,5.90244007110596
Ukraine,UKR,2008,80.0,6.15242004394531
Ukraine,UKR,2009,80.3,7.05074977874756
Ukraine,UKR,2010,80.6,7.39708471298218
Ukraine,UKR,2011,80.9,5.93770980834961
Ukraine,UKR,2012,81.2,6.44269990921021
Ukraine,UKR,2013,81.5,6.41989994049072
Ukraine,UKR,2014,81.8,5.87493991851807
Ukraine,UKR,2015,82.1,5.7425684928894
Uruguay,URY,2004,84.4,2.49954009056091
Uruguay,URY,2005,85.1,2.71475005149841
Uruguay,URY,2006,85.9,2.85664010047913
Uruguay,URY,2011,89.7,4.14937019348145
Uruguay,URY,2012,90.5,4.09353351593018
Uruguay,URY,2013,89.8,4.23892021179199
Uruguay,URY,2014,89.1,4.26735019683838
Uruguay,URY,2015,88.4,4.20636987686157
Uruguay,URY,2016,87.7,4.36420011520386
Vanuatu,VUT,2008,40.4,5.95150995254517
Vanuatu,VUT,2009,41.0,5.16051006317139
Vanuatu,VUT,2014,43.9,5.18195009231567
Vanuatu,VUT,2015,44.5,5.60338020324707
Vanuatu,VUT,2016,45.1,7.67742586135864
Vanuatu,VUT,2017,45.7,4.5334300994873
Vanuatu,VUT,2018,46.3,8.60634708404541
Vanuatu,VUT,2019,46.8,1.77407002449036
Vanuatu,VUT,2020,47.4,2.17358994483948
Vanuatu,VUT,2021,48.0,10.1102409362793
Vanuatu,VUT,2022,48.6,10.7033452987671
Vanuatu,VUT,2023,49.2,10.6434001922607
"Venezuela, RB",VEN,2006,80.5,3.66905999183655
"Venezuela, RB",VEN,2007,81.8,3.62732005119324
"Venezuela, RB",VEN,2009,84.6,6.87468004226685
Viet Nam,VNM,2008,64.4,4.88674020767212
Viet Nam,VNM,2009,66.9,4.81650018692017
Viet Nam,VNM,2010,69.5,4.04593992233276
Viet Nam,VNM,2011,70.6,3.7802300453186
Viet Nam,VNM,2012,71.7,4.40817022323608
Viet Nam,VNM,2013,72.8,4.52833986282349
Viet Nam,VNM,2014,73.9,3.54012322425842
Viet Nam,VNM,2015,74.8,3.41660451889038
Viet Nam,VNM,2016,75.8,3.469074010849
Viet Nam,VNM,2017,76.7,3.41865682601929
Viet Nam,VNM,2018,77.7,3.14502310752869
Viet Nam,VNM,2019,78.7,3.08499836921692
Viet Nam,VNM,2020,79.6,3.21652889251709
Viet Nam,VNM,2021,80.6,2.94517493247986
Viet Nam,VNM,2022,81.5,2.88738679885864
West Bank and Gaza,PSE,2010,89.9,6.19167995452881
West Bank and Gaza,PSE,2011,88.7,5.33527994155884
West Bank and Gaza,PSE,2012,87.6,4.74210977554321
West Bank and Gaza,PSE,2013,86.5,4.89467000961304
West Bank and Gaza,PSE,2015,85.8,4.66321992874146
West Bank and Gaza,PSE,2016,86.2,4.98296022415161
West Bank and Gaza,PSE,2017,86.6,4.72153997421265
West Bank and Gaza,PSE,2021,88.1,5.43442010879517
"Yemen, Rep.",YEM,2000,40.0,9.66162967681885
"Yemen, Rep.",YEM,2001,41.7,9.24470996856689
"Yemen, Rep.",YEM,2002,43.5,6.32079648971558
"Yemen, Rep.",YEM,2003,45.3,5.94827938079834
"Yemen, Rep.",YEM,2004,47.1,5.5541467666626
"Yemen, Rep.",YEM,2005,48.9,5.15025568008423
"Yemen, Rep.",YEM,2006,50.7,5.14441585540771
"Yemen, Rep.",YEM,2007,51.5,5.82878255844116
"Yemen, Rep.",YEM,2008,52.4,5.15143013000488
"Yemen, Rep.",YEM,2009,53.2,5.91624307632446
"Yemen, Rep.",YEM,2010,54.0,4.3922233581543
"Yemen, Rep.",YEM,2011,54.8,5.04202699661255
"Yemen, Rep.",YEM,2012,55.6,5.46478986740112
Zambia,ZMB,1999,19.8,1.77495002746582
Zambia,ZMB,2000,19.2,1.78819000720978
Zambia,ZMB,2004,20.4,2.46342992782593
Zambia,ZMB,2005,21.7,1.73553001880646
Zambia,ZMB,2007,24.1,1.24075996875763
Zambia,ZMB,2008,25.7,1.0997200012207
Zambia,ZMB,2010,29.0,3.41600441932678
Zambia,ZMB,2011,30.6,3.35772275924683
Zambia,ZMB,2012,32.3,3.69500231742859
Zambia,ZMB,2013,33.9,3.71820712089539
Zambia,ZMB,2015,35.7,4.62433004379272
Zambia,ZMB,2016,35.9,3.74792003631592
Zambia,ZMB,2017,36.0,3.72964000701904
Zambia,ZMB,2018,36.2,4.73974990844727
Zambia,ZMB,2019,36.4,4.41824007034302
Zambia,ZMB,2020,36.6,3.94964814186096
Zambia,ZMB,2021,36.7,3.10643219947815
Zimbabwe,ZWE,2010,38.7,1.54405999183655
Zimbabwe,ZWE,2012,40.9,6.07020998001099
Zimbabwe,ZWE,2013,42.2,5.99597978591919
Zimbabwe,ZWE,2014,43.5,6.13835000991821
Zimbabwe,ZWE,2017,44.5,5.81877994537354
Zimbabwe,ZWE,2018,44.3,2.05048990249634
